<?xml version='1.0' encoding='UTF-8' standalone='no'?>
<doxygen xmlns:xsi="http://www.w3.org/2001/XMLSchema-instance" xsi:noNamespaceSchemaLocation="compound.xsd" version="1.8.18">
  <compounddef id="classFtdi_1_1Context_1_1Private" kind="class" language="C++" prot="public">
    <compoundname>Ftdi::Context::Private</compoundname>
      <sectiondef kind="public-attrib">
      <memberdef kind="variable" id="classFtdi_1_1Context_1_1Private_1aa5fa397d6e6021093a4f4b39e32523aa" prot="public" static="no" mutable="no">
        <type>bool</type>
        <definition>bool Ftdi::Context::Private::open</definition>
        <argsstring></argsstring>
        <name>open</name>
        <briefdescription>
        </briefdescription>
        <detaileddescription>
        </detaileddescription>
        <inbodydescription>
        </inbodydescription>
        <location file="C:/work/libftdi/libftdi1-1.5/ftdipp/ftdi.cpp" line="55" column="10" bodyfile="C:/work/libftdi/libftdi1-1.5/ftdipp/ftdi.cpp" bodystart="55" bodyend="-1"/>
        <referencedby refid="classFtdi_1_1Context_1_1Private_1ac6914d23ec3542ea32c8d2b2ec525e96" compoundref="ftdi_8cpp" startline="47" endline="53">~Private</referencedby>
      </memberdef>
      <memberdef kind="variable" id="classFtdi_1_1Context_1_1Private_1ad7923179c336fca19a5cc3ca19a6a815" prot="public" static="no" mutable="no">
        <type>struct <ref refid="structftdi__context" kindref="compound">ftdi_context</ref> *</type>
        <definition>struct ftdi_context* Ftdi::Context::Private::ftdi</definition>
        <argsstring></argsstring>
        <name>ftdi</name>
        <briefdescription>
        </briefdescription>
        <detaileddescription>
        </detaileddescription>
        <inbodydescription>
        </inbodydescription>
        <location file="C:/work/libftdi/libftdi1-1.5/ftdipp/ftdi.cpp" line="57" column="24" bodyfile="C:/work/libftdi/libftdi1-1.5/ftdipp/ftdi.cpp" bodystart="57" bodyend="-1"/>
        <referencedby refid="classFtdi_1_1Context_1_1Private_1a04d13cee8be6a93d1990d4519426e05d" compoundref="ftdi_8cpp" startline="41" endline="45">Private</referencedby>
        <referencedby refid="classFtdi_1_1Context_1_1Private_1ac6914d23ec3542ea32c8d2b2ec525e96" compoundref="ftdi_8cpp" startline="47" endline="53">~Private</referencedby>
      </memberdef>
      <memberdef kind="variable" id="classFtdi_1_1Context_1_1Private_1adc445c0f495138d9b38950df3ff9d2cf" prot="public" static="no" mutable="no">
        <type>struct libusb_device *</type>
        <definition>struct libusb_device* Ftdi::Context::Private::dev</definition>
        <argsstring></argsstring>
        <name>dev</name>
        <briefdescription>
        </briefdescription>
        <detaileddescription>
        </detaileddescription>
        <inbodydescription>
        </inbodydescription>
        <location file="C:/work/libftdi/libftdi1-1.5/ftdipp/ftdi.cpp" line="58" column="25" bodyfile="C:/work/libftdi/libftdi1-1.5/ftdipp/ftdi.cpp" bodystart="58" bodyend="-1"/>
      </memberdef>
      <memberdef kind="variable" id="classFtdi_1_1Context_1_1Private_1a0b0fb0d19d6e4a2f9552211e195f73c9" prot="public" static="no" mutable="no">
        <type>std::string</type>
        <definition>std::string Ftdi::Context::Private::vendor</definition>
        <argsstring></argsstring>
        <name>vendor</name>
        <briefdescription>
        </briefdescription>
        <detaileddescription>
        </detaileddescription>
        <inbodydescription>
        </inbodydescription>
        <location file="C:/work/libftdi/libftdi1-1.5/ftdipp/ftdi.cpp" line="60" column="17" bodyfile="C:/work/libftdi/libftdi1-1.5/ftdipp/ftdi.cpp" bodystart="60" bodyend="-1"/>
      </memberdef>
      <memberdef kind="variable" id="classFtdi_1_1Context_1_1Private_1a6c042b17b2e52d060502ad2dc2d786da" prot="public" static="no" mutable="no">
        <type>std::string</type>
        <definition>std::string Ftdi::Context::Private::description</definition>
        <argsstring></argsstring>
        <name>description</name>
        <briefdescription>
        </briefdescription>
        <detaileddescription>
        </detaileddescription>
        <inbodydescription>
        </inbodydescription>
        <location file="C:/work/libftdi/libftdi1-1.5/ftdipp/ftdi.cpp" line="61" column="17" bodyfile="C:/work/libftdi/libftdi1-1.5/ftdipp/ftdi.cpp" bodystart="61" bodyend="-1"/>
      </memberdef>
      <memberdef kind="variable" id="classFtdi_1_1Context_1_1Private_1a6efce3ed52f70fb07f7b789ecc412ebe" prot="public" static="no" mutable="no">
        <type>std::string</type>
        <definition>std::string Ftdi::Context::Private::serial</definition>
        <argsstring></argsstring>
        <name>serial</name>
        <briefdescription>
        </briefdescription>
        <detaileddescription>
        </detaileddescription>
        <inbodydescription>
        </inbodydescription>
        <location file="C:/work/libftdi/libftdi1-1.5/ftdipp/ftdi.cpp" line="62" column="17" bodyfile="C:/work/libftdi/libftdi1-1.5/ftdipp/ftdi.cpp" bodystart="62" bodyend="-1"/>
      </memberdef>
      </sectiondef>
      <sectiondef kind="public-func">
      <memberdef kind="function" id="classFtdi_1_1Context_1_1Private_1a04d13cee8be6a93d1990d4519426e05d" prot="public" static="no" const="no" explicit="no" inline="yes" virt="non-virtual">
        <type></type>
        <definition>Ftdi::Context::Private::Private</definition>
        <argsstring>()</argsstring>
        <name>Private</name>
        <briefdescription>
        </briefdescription>
        <detaileddescription>
        </detaileddescription>
        <inbodydescription>
        </inbodydescription>
        <location file="C:/work/libftdi/libftdi1-1.5/ftdipp/ftdi.cpp" line="41" column="5" bodyfile="C:/work/libftdi/libftdi1-1.5/ftdipp/ftdi.cpp" bodystart="41" bodyend="45"/>
        <references refid="classFtdi_1_1Context_1_1Private_1ad7923179c336fca19a5cc3ca19a6a815" compoundref="ftdi_8cpp" startline="57">ftdi</references>
        <references refid="ftdi_8c_1afd46c6784367fd95c5f852d3b38949a8" compoundref="ftdi_8c" startline="132" endline="148">ftdi_new</references>
      </memberdef>
      <memberdef kind="function" id="classFtdi_1_1Context_1_1Private_1ac6914d23ec3542ea32c8d2b2ec525e96" prot="public" static="no" const="no" explicit="no" inline="yes" virt="non-virtual">
        <type></type>
        <definition>Ftdi::Context::Private::~Private</definition>
        <argsstring>()</argsstring>
        <name>~Private</name>
        <briefdescription>
        </briefdescription>
        <detaileddescription>
        </detaileddescription>
        <inbodydescription>
        </inbodydescription>
        <location file="C:/work/libftdi/libftdi1-1.5/ftdipp/ftdi.cpp" line="47" column="5" bodyfile="C:/work/libftdi/libftdi1-1.5/ftdipp/ftdi.cpp" bodystart="47" bodyend="53"/>
        <references refid="classFtdi_1_1Context_1_1Private_1ad7923179c336fca19a5cc3ca19a6a815" compoundref="ftdi_8cpp" startline="57">ftdi</references>
        <references refid="ftdi_8c_1a3cc28e5b7f1f50246861fcb39e7dd291" compoundref="ftdi_8c" startline="260" endline="264">ftdi_free</references>
        <references refid="ftdi_8c_1a9536eff48c7ae9313b2a97320743ee3b" compoundref="ftdi_8c" startline="1197" endline="1211">ftdi_usb_close</references>
        <references refid="classFtdi_1_1Context_1_1Private_1aa5fa397d6e6021093a4f4b39e32523aa" compoundref="ftdi_8cpp" startline="55">open</references>
      </memberdef>
      </sectiondef>
    <briefdescription>
    </briefdescription>
    <detaileddescription>
    </detaileddescription>
    <collaborationgraph>
      <node id="2">
        <label>ftdi_context</label>
        <link refid="structftdi__context"/>
        <childnode refid="3" relation="usage">
          <edgelabel>eeprom</edgelabel>
        </childnode>
      </node>
      <node id="3">
        <label>ftdi_eeprom</label>
        <link refid="structftdi__eeprom"/>
      </node>
      <node id="1">
        <label>Ftdi::Context::Private</label>
        <link refid="classFtdi_1_1Context_1_1Private"/>
        <childnode refid="2" relation="usage">
          <edgelabel>ftdi</edgelabel>
        </childnode>
      </node>
    </collaborationgraph>
    <location file="C:/work/libftdi/libftdi1-1.5/ftdipp/ftdi.cpp" line="38" column="1" bodyfile="C:/work/libftdi/libftdi1-1.5/ftdipp/ftdi.cpp" bodystart="39" bodyend="63"/>
    <listofallmembers>
      <member refid="classFtdi_1_1Context_1_1Private_1a6c042b17b2e52d060502ad2dc2d786da" prot="public" virt="non-virtual"><scope>Ftdi::Context::Private</scope><name>description</name></member>
      <member refid="classFtdi_1_1Context_1_1Private_1adc445c0f495138d9b38950df3ff9d2cf" prot="public" virt="non-virtual"><scope>Ftdi::Context::Private</scope><name>dev</name></member>
      <member refid="classFtdi_1_1Context_1_1Private_1ad7923179c336fca19a5cc3ca19a6a815" prot="public" virt="non-virtual"><scope>Ftdi::Context::Private</scope><name>ftdi</name></member>
      <member refid="classFtdi_1_1Context_1_1Private_1aa5fa397d6e6021093a4f4b39e32523aa" prot="public" virt="non-virtual"><scope>Ftdi::Context::Private</scope><name>open</name></member>
      <member refid="classFtdi_1_1Context_1_1Private_1a04d13cee8be6a93d1990d4519426e05d" prot="public" virt="non-virtual"><scope>Ftdi::Context::Private</scope><name>Private</name></member>
      <member refid="classFtdi_1_1Context_1_1Private_1a6efce3ed52f70fb07f7b789ecc412ebe" prot="public" virt="non-virtual"><scope>Ftdi::Context::Private</scope><name>serial</name></member>
      <member refid="classFtdi_1_1Context_1_1Private_1a0b0fb0d19d6e4a2f9552211e195f73c9" prot="public" virt="non-virtual"><scope>Ftdi::Context::Private</scope><name>vendor</name></member>
      <member refid="classFtdi_1_1Context_1_1Private_1ac6914d23ec3542ea32c8d2b2ec525e96" prot="public" virt="non-virtual"><scope>Ftdi::Context::Private</scope><name>~Private</name></member>
    </listofallmembers>
  </compounddef>
</doxygen>
