<?xml version='1.0' encoding='UTF-8' standalone='no'?>
<doxygen xmlns:xsi="http://www.w3.org/2001/XMLSchema-instance" xsi:noNamespaceSchemaLocation="compound.xsd" version="1.8.18">
  <compounddef id="deprecated" kind="page">
    <compoundname>deprecated</compoundname>
    <title>Deprecated List</title>
    <briefdescription>
    </briefdescription>
    <detaileddescription>
<para><variablelist>
<varlistentry><term>Member <ref refid="ftdi_8c_1a25a6d4766e30bd47602ed0c0ecf53476" kindref="member">ftdi_usb_purge_rx_buffer</ref>  (struct <ref refid="structftdi__context" kindref="compound">ftdi_context</ref> *ftdi)</term></varlistentry>
<listitem><para><anchor id="deprecated_1_deprecated000001"/>Use <ref refid="ftdi_8h_1a36d3547ade83501428e9da52d9debedb" kindref="member">ftdi_tciflush(struct ftdi_context *ftdi)</ref>  </para>
</listitem>
<varlistentry><term>Member <ref refid="ftdi_8c_1a1eab1dfd17068c46775a86496fee8bec" kindref="member">ftdi_usb_purge_tx_buffer</ref>  (struct <ref refid="structftdi__context" kindref="compound">ftdi_context</ref> *ftdi)</term></varlistentry>
<listitem><para><anchor id="deprecated_1_deprecated000002"/>Use <ref refid="ftdi_8h_1ab7be67a70d0791643dc08a920d6f4668" kindref="member">ftdi_tcoflush(struct ftdi_context *ftdi)</ref>  </para>
</listitem>
<varlistentry><term>Member <ref refid="ftdi_8c_1a3089d7ceafad896c007111b8e5c02906" kindref="member">ftdi_usb_purge_buffers</ref>  (struct <ref refid="structftdi__context" kindref="compound">ftdi_context</ref> *ftdi)</term></varlistentry>
<listitem><para><anchor id="deprecated_1_deprecated000003"/>Use <ref refid="ftdi_8h_1aeca5f2979d57490be0f3646fb4f3116a" kindref="member">ftdi_tcioflush(struct ftdi_context *ftdi)</ref> </para>
</listitem>
</variablelist>
</para>
    </detaileddescription>
  </compounddef>
</doxygen>
