<?xml version='1.0' encoding='UTF-8' standalone='no'?>
<doxygen xmlns:xsi="http://www.w3.org/2001/XMLSchema-instance" xsi:noNamespaceSchemaLocation="compound.xsd" version="1.8.18">
  <compounddef id="ftdipp_2CMakeLists_8txt" kind="file" language="C++">
    <compoundname>ftdipp/CMakeLists.txt</compoundname>
      <sectiondef kind="func">
      <memberdef kind="function" id="ftdipp_2CMakeLists_8txt_1a92f0ff6f7f62a62bd503cbefad960218" prot="public" static="no" const="no" explicit="no" inline="no" virt="non-virtual">
        <type></type>
        <definition>set</definition>
        <argsstring>(cpp_sources ${CMAKE_CURRENT_SOURCE_DIR}/ftdi.cpp CACHE INTERNAL &quot;List of cpp sources&quot;) set(cpp_headers $</argsstring>
        <name>set</name>
        <param>
          <type>cpp_sources ${CMAKE_CURRENT_SOURCE_DIR}/ftdi.cpp CACHE INTERNAL &quot;List of cpp sources&quot;</type>
        </param>
        <briefdescription>
        </briefdescription>
        <detaileddescription>
        </detaileddescription>
        <inbodydescription>
        </inbodydescription>
        <location file="C:/work/libftdi/libftdi1-1.5/ftdipp/CMakeLists.txt" line="4" column="1" bodyfile="C:/work/libftdi/libftdi1-1.5/ftdipp/CMakeLists.txt" bodystart="4" bodyend="5"/>
      </memberdef>
      <memberdef kind="function" id="ftdipp_2CMakeLists_8txt_1aa470dffcd87669f081cc534dbc3070f6" prot="public" static="no" const="no" explicit="no" inline="no" virt="non-virtual">
        <type>ftdi hpp CACHE INTERNAL List of cpp headers</type>
        <definition>ftdi hpp CACHE INTERNAL List of cpp headers include_directories</definition>
        <argsstring>(BEFORE ${CMAKE_CURRENT_BINARY_DIR} ${CMAKE_CURRENT_SOURCE_DIR} ${CMAKE_SOURCE_DIR}/src) include_directories($</argsstring>
        <name>include_directories</name>
        <param>
          <type>BEFORE ${CMAKE_CURRENT_BINARY_DIR} ${CMAKE_CURRENT_SOURCE_DIR} ${CMAKE_SOURCE_DIR}/</type>
          <declname>src</declname>
        </param>
        <briefdescription>
        </briefdescription>
        <detaileddescription>
        </detaileddescription>
        <inbodydescription>
        </inbodydescription>
        <location file="C:/work/libftdi/libftdi1-1.5/ftdipp/CMakeLists.txt" line="8" column="1" bodyfile="C:/work/libftdi/libftdi1-1.5/ftdipp/CMakeLists.txt" bodystart="8" bodyend="12"/>
      </memberdef>
      <memberdef kind="function" id="ftdipp_2CMakeLists_8txt_1a82ff733c04940aa4ab46f14dd1d9c7ed" prot="public" static="no" const="no" explicit="no" inline="no" virt="non-virtual">
        <type></type>
        <definition>add_library</definition>
        <argsstring>(ftdipp1 SHARED ${cpp_sources}) math(EXPR VERSION_FIXUP &quot;$</argsstring>
        <name>add_library</name>
        <param>
          <type>ftdipp1 SHARED ${cpp_sources}</type>
        </param>
        <briefdescription>
        </briefdescription>
        <detaileddescription>
        </detaileddescription>
        <inbodydescription>
        </inbodydescription>
        <location file="C:/work/libftdi/libftdi1-1.5/ftdipp/CMakeLists.txt" line="15" column="1" bodyfile="C:/work/libftdi/libftdi1-1.5/ftdipp/CMakeLists.txt" bodystart="15" bodyend="17"/>
      </memberdef>
      <memberdef kind="function" id="ftdipp_2CMakeLists_8txt_1a42306676ca4e381f5c1a4e37d7eda7fe" prot="public" static="no" const="no" explicit="no" inline="no" virt="non-virtual">
        <type></type>
        <definition>set_target_properties</definition>
        <argsstring>(ftdipp1 PROPERTIES VERSION ${VERSION_FIXUP}.${MINOR_VERSION}.0 SOVERSION 3) set_target_properties(ftdipp1 PROPERTIES CLEAN_DIRECT_OUTPUT 1) target_link_libraries(ftdipp1 ftdi1 $</argsstring>
        <name>set_target_properties</name>
        <param>
          <type>ftdipp1 PROPERTIES VERSION ${VERSION_FIXUP}.${MINOR_VERSION}.0 SOVERSION</type>
          <declname>3</declname>
        </param>
        <briefdescription>
        </briefdescription>
        <detaileddescription>
        </detaileddescription>
        <inbodydescription>
        </inbodydescription>
        <location file="C:/work/libftdi/libftdi1-1.5/ftdipp/CMakeLists.txt" line="18" column="1" bodyfile="C:/work/libftdi/libftdi1-1.5/ftdipp/CMakeLists.txt" bodystart="18" bodyend="24"/>
      </memberdef>
      </sectiondef>
    <briefdescription>
    </briefdescription>
    <detaileddescription>
    </detaileddescription>
    <programlisting>
<codeline lineno="1"><highlight class="preprocessor">#<sp/>vim:<sp/>ts=2:sw=2:sts=2</highlight><highlight class="normal"></highlight></codeline>
<codeline lineno="2"><highlight class="normal"></highlight></codeline>
<codeline lineno="3"><highlight class="normal"></highlight><highlight class="preprocessor">#<sp/>Targets</highlight><highlight class="normal"></highlight></codeline>
<codeline lineno="4" refid="ftdipp_2CMakeLists_8txt_1a92f0ff6f7f62a62bd503cbefad960218" refkind="member"><highlight class="normal"><ref refid="ftdipp_2CMakeLists_8txt_1a92f0ff6f7f62a62bd503cbefad960218" kindref="member">set</ref>(cpp_sources<sp/>${CMAKE_CURRENT_SOURCE_DIR}/ftdi.cpp<sp/>CACHE<sp/>INTERNAL<sp/></highlight><highlight class="stringliteral">&quot;List<sp/>of<sp/>cpp<sp/>sources&quot;</highlight><highlight class="normal"><sp/>)</highlight></codeline>
<codeline lineno="5"><highlight class="normal"><ref refid="ftdipp_2CMakeLists_8txt_1a92f0ff6f7f62a62bd503cbefad960218" kindref="member">set</ref>(cpp_headers<sp/>${CMAKE_CURRENT_SOURCE_DIR}/ftdi.hpp<sp/>CACHE<sp/>INTERNAL<sp/></highlight><highlight class="stringliteral">&quot;List<sp/>of<sp/>cpp<sp/>headers&quot;</highlight><highlight class="normal"><sp/>)</highlight></codeline>
<codeline lineno="6"><highlight class="normal"></highlight></codeline>
<codeline lineno="7"><highlight class="normal">#<sp/>Includes</highlight></codeline>
<codeline lineno="8" refid="ftdipp_2CMakeLists_8txt_1aa470dffcd87669f081cc534dbc3070f6" refkind="member"><highlight class="normal"><ref refid="ftdipp_2CMakeLists_8txt_1aa470dffcd87669f081cc534dbc3070f6" kindref="member">include_directories</ref>(BEFORE<sp/>${CMAKE_CURRENT_BINARY_DIR}</highlight></codeline>
<codeline lineno="9"><highlight class="normal"><sp/><sp/><sp/><sp/>${CMAKE_CURRENT_SOURCE_DIR}</highlight></codeline>
<codeline lineno="10"><highlight class="normal"><sp/><sp/><sp/><sp/>${CMAKE_SOURCE_DIR}/src)</highlight></codeline>
<codeline lineno="11"><highlight class="normal"></highlight></codeline>
<codeline lineno="12"><highlight class="normal"><ref refid="ftdipp_2CMakeLists_8txt_1aa470dffcd87669f081cc534dbc3070f6" kindref="member">include_directories</ref>(${Boost_INCLUDE_DIRS})</highlight></codeline>
<codeline lineno="13"><highlight class="normal"></highlight></codeline>
<codeline lineno="14"><highlight class="normal">#<sp/>Shared<sp/>library</highlight></codeline>
<codeline lineno="15" refid="ftdipp_2CMakeLists_8txt_1a82ff733c04940aa4ab46f14dd1d9c7ed" refkind="member"><highlight class="normal"><ref refid="ftdipp_2CMakeLists_8txt_1a82ff733c04940aa4ab46f14dd1d9c7ed" kindref="member">add_library</ref>(ftdipp1<sp/>SHARED<sp/>${cpp_sources})</highlight></codeline>
<codeline lineno="16"><highlight class="normal"></highlight></codeline>
<codeline lineno="17"><highlight class="normal">math(EXPR<sp/>VERSION_FIXUP<sp/></highlight><highlight class="stringliteral">&quot;${MAJOR_VERSION}<sp/>+<sp/>1&quot;</highlight><highlight class="normal">)<sp/><sp/><sp/><sp/>#<sp/>Compatibility<sp/>with<sp/>previous<sp/>releases</highlight></codeline>
<codeline lineno="18" refid="ftdipp_2CMakeLists_8txt_1a42306676ca4e381f5c1a4e37d7eda7fe" refkind="member"><highlight class="normal"><ref refid="ftdipp_2CMakeLists_8txt_1a42306676ca4e381f5c1a4e37d7eda7fe" kindref="member">set_target_properties</ref>(ftdipp1<sp/>PROPERTIES<sp/>VERSION<sp/>${VERSION_FIXUP}.${MINOR_VERSION}.0<sp/>SOVERSION<sp/>3)</highlight></codeline>
<codeline lineno="19"><highlight class="normal"></highlight></codeline>
<codeline lineno="20"><highlight class="normal">#<sp/>Prevent<sp/>clobbering<sp/>each<sp/>other<sp/>during<sp/>the<sp/>build</highlight></codeline>
<codeline lineno="21"><highlight class="normal"><ref refid="ftdipp_2CMakeLists_8txt_1a42306676ca4e381f5c1a4e37d7eda7fe" kindref="member">set_target_properties</ref>(ftdipp1<sp/>PROPERTIES<sp/>CLEAN_DIRECT_OUTPUT<sp/>1)</highlight></codeline>
<codeline lineno="22"><highlight class="normal"></highlight></codeline>
<codeline lineno="23"><highlight class="normal"></highlight><highlight class="preprocessor">#<sp/>Dependencies</highlight><highlight class="normal"></highlight></codeline>
<codeline lineno="24"><highlight class="normal">target_link_libraries(ftdipp1<sp/>ftdi1<sp/>${LIBUSB_LIBRARIES}<sp/>${BOOST_LIBRARIES})</highlight></codeline>
<codeline lineno="25"><highlight class="normal"></highlight></codeline>
<codeline lineno="26"><highlight class="normal">install<sp/>(<sp/>TARGETS<sp/>ftdipp1</highlight></codeline>
<codeline lineno="27"><highlight class="normal"><sp/><sp/><sp/><sp/><sp/><sp/><sp/><sp/><sp/><sp/><sp/><sp/><sp/><sp/><sp/><sp/><sp/><sp/><sp/><sp/>RUNTIME<sp/>DESTINATION<sp/>bin</highlight></codeline>
<codeline lineno="28"><highlight class="normal"><sp/><sp/><sp/><sp/><sp/><sp/><sp/><sp/><sp/><sp/><sp/><sp/><sp/><sp/><sp/><sp/><sp/><sp/><sp/><sp/>LIBRARY<sp/>DESTINATION<sp/>lib${LIB_SUFFIX}</highlight></codeline>
<codeline lineno="29"><highlight class="normal"><sp/><sp/><sp/><sp/><sp/><sp/><sp/><sp/><sp/><sp/><sp/><sp/><sp/><sp/><sp/><sp/><sp/><sp/><sp/><sp/>ARCHIVE<sp/>DESTINATION<sp/>lib${LIB_SUFFIX}</highlight></codeline>
<codeline lineno="30"><highlight class="normal"><sp/><sp/><sp/><sp/><sp/><sp/><sp/><sp/><sp/><sp/><sp/><sp/><sp/><sp/><sp/><sp/>)</highlight></codeline>
<codeline lineno="31"><highlight class="normal"></highlight></codeline>
<codeline lineno="32"><highlight class="normal">#<sp/>Static<sp/>library</highlight></codeline>
<codeline lineno="33"><highlight class="normal"></highlight><highlight class="keywordflow">if</highlight><highlight class="normal"><sp/>(<sp/>STATICLIBS<sp/>)</highlight></codeline>
<codeline lineno="34"><highlight class="normal"><sp/><sp/><sp/><sp/><ref refid="ftdipp_2CMakeLists_8txt_1a82ff733c04940aa4ab46f14dd1d9c7ed" kindref="member">add_library</ref>(ftdipp1-</highlight><highlight class="keyword">static</highlight><highlight class="normal"><sp/>STATIC<sp/>${cpp_sources})</highlight></codeline>
<codeline lineno="35"><highlight class="normal"><sp/><sp/><sp/><sp/><ref refid="ftdipp_2CMakeLists_8txt_1a42306676ca4e381f5c1a4e37d7eda7fe" kindref="member">set_target_properties</ref>(ftdipp1-</highlight><highlight class="keyword">static</highlight><highlight class="normal"><sp/>PROPERTIES<sp/>OUTPUT_NAME<sp/></highlight><highlight class="stringliteral">&quot;ftdipp1&quot;</highlight><highlight class="normal">)</highlight></codeline>
<codeline lineno="36"><highlight class="normal"><sp/><sp/><sp/><sp/><ref refid="ftdipp_2CMakeLists_8txt_1a42306676ca4e381f5c1a4e37d7eda7fe" kindref="member">set_target_properties</ref>(ftdipp1-</highlight><highlight class="keyword">static</highlight><highlight class="normal"><sp/>PROPERTIES<sp/>CLEAN_DIRECT_OUTPUT<sp/>1)</highlight></codeline>
<codeline lineno="37"><highlight class="normal"></highlight></codeline>
<codeline lineno="38"><highlight class="normal"><sp/><sp/><sp/><sp/>install<sp/>(<sp/>TARGETS<sp/>ftdipp1-</highlight><highlight class="keyword">static</highlight><highlight class="normal"></highlight></codeline>
<codeline lineno="39"><highlight class="normal"><sp/><sp/><sp/><sp/><sp/><sp/><sp/><sp/><sp/><sp/><sp/><sp/><sp/><sp/><sp/><sp/><sp/><sp/><sp/><sp/><sp/><sp/><sp/><sp/>ARCHIVE<sp/>DESTINATION<sp/>lib${LIB_SUFFIX}</highlight></codeline>
<codeline lineno="40"><highlight class="normal"><sp/><sp/><sp/><sp/><sp/><sp/><sp/><sp/><sp/><sp/><sp/><sp/><sp/><sp/><sp/><sp/><sp/><sp/><sp/><sp/><sp/><sp/><sp/><sp/>COMPONENT<sp/>staticlibs</highlight></codeline>
<codeline lineno="41"><highlight class="normal"><sp/><sp/><sp/><sp/><sp/><sp/><sp/><sp/><sp/><sp/><sp/><sp/><sp/><sp/><sp/><sp/><sp/><sp/><sp/><sp/>)</highlight></codeline>
<codeline lineno="42"><highlight class="normal">endif<sp/>()</highlight></codeline>
<codeline lineno="43"><highlight class="normal"></highlight></codeline>
<codeline lineno="44"><highlight class="normal">install<sp/>(<sp/>FILES<sp/>${cpp_headers}</highlight></codeline>
<codeline lineno="45"><highlight class="normal"><sp/><sp/><sp/><sp/><sp/><sp/><sp/><sp/><sp/><sp/><sp/><sp/><sp/><sp/><sp/><sp/><sp/><sp/><sp/><sp/>DESTINATION<sp/>include/${PROJECT_NAME}</highlight></codeline>
<codeline lineno="46"><highlight class="normal"><sp/><sp/><sp/><sp/><sp/><sp/><sp/><sp/><sp/><sp/><sp/><sp/><sp/><sp/><sp/><sp/><sp/><sp/><sp/><sp/>COMPONENT<sp/>headers</highlight></codeline>
<codeline lineno="47"><highlight class="normal"><sp/><sp/><sp/><sp/><sp/><sp/><sp/><sp/><sp/><sp/><sp/><sp/><sp/><sp/><sp/><sp/>)</highlight></codeline>
    </programlisting>
    <location file="C:/work/libftdi/libftdi1-1.5/ftdipp/CMakeLists.txt"/>
  </compounddef>
</doxygen>
