<?xml version='1.0' encoding='UTF-8' standalone='no'?>
<doxygenindex xmlns:xsi="http://www.w3.org/2001/XMLSchema-instance" xsi:noNamespaceSchemaLocation="index.xsd" version="1.8.18">
  <compound refid="classFtdi_1_1Context" kind="class"><name>Ftdi::Context</name>
    <member refid="classFtdi_1_1Context_1a608e9a5f5e023ab5f14ba6d21ce9fed9" kind="enum"><name>Direction</name></member>
    <member refid="classFtdi_1_1Context_1a608e9a5f5e023ab5f14ba6d21ce9fed9a087f9b8fee592efb3929c382e0804404" kind="enumvalue"><name>Input</name></member>
    <member refid="classFtdi_1_1Context_1a608e9a5f5e023ab5f14ba6d21ce9fed9a5c3962c84bf153b1837ca2ca8ac97886" kind="enumvalue"><name>Output</name></member>
    <member refid="classFtdi_1_1Context_1ab8cd0b1f5a42a3d2517e804bd3d2c8f1" kind="enum"><name>ModemCtl</name></member>
    <member refid="classFtdi_1_1Context_1ab8cd0b1f5a42a3d2517e804bd3d2c8f1a0ed23ea2a691e4398908cb7442377e37" kind="enumvalue"><name>Dtr</name></member>
    <member refid="classFtdi_1_1Context_1ab8cd0b1f5a42a3d2517e804bd3d2c8f1a7dda31debfdeaf64b64734b881afe109" kind="enumvalue"><name>Rts</name></member>
    <member refid="classFtdi_1_1Context_1a473938987b94c05a6ac5c45fb65eb12a" kind="friend"><name>Eeprom</name></member>
    <member refid="classFtdi_1_1Context_1a8cee552d09eaeb60a09d95309a87b498" kind="friend"><name>List</name></member>
    <member refid="classFtdi_1_1Context_1a08619c0972a8ccbe79630cf8bb02057c" kind="variable"><name>d</name></member>
    <member refid="classFtdi_1_1Context_1a06bd23d6d2d16489cb5abf792f368b8e" kind="function"><name>Context</name></member>
    <member refid="classFtdi_1_1Context_1ad12a84ca44914ae7c90404881c99503e" kind="function"><name>~Context</name></member>
    <member refid="classFtdi_1_1Context_1a374535a96a9c2144215da6779f700315" kind="function"><name>eeprom</name></member>
    <member refid="classFtdi_1_1Context_1ab1ef11b1851c8234f5305fdfc7421887" kind="function"><name>vendor</name></member>
    <member refid="classFtdi_1_1Context_1a1851e8cffbb77e7f7ef7adb8fa833962" kind="function"><name>description</name></member>
    <member refid="classFtdi_1_1Context_1a3d4035444e2f78ff8d7aa37c26236df8" kind="function"><name>serial</name></member>
    <member refid="classFtdi_1_1Context_1a3a222cbc0ac54ea699474aa48b8d27cd" kind="function"><name>is_open</name></member>
    <member refid="classFtdi_1_1Context_1a71f952d1778914a33b151d0e0db3f1d6" kind="function"><name>open</name></member>
    <member refid="classFtdi_1_1Context_1a2669ea3eac16289990cd46cd777e295a" kind="function"><name>open</name></member>
    <member refid="classFtdi_1_1Context_1af6c6f42c9f6c10ff960e5163f0a052c6" kind="function"><name>open</name></member>
    <member refid="classFtdi_1_1Context_1a6dc5ad42a05d03cbf5b43365b79a3b62" kind="function"><name>open</name></member>
    <member refid="classFtdi_1_1Context_1aad96d64cfe28b6085e384acdbcfe43fa" kind="function"><name>close</name></member>
    <member refid="classFtdi_1_1Context_1a3d318e752b00f0822d6e2c417420afde" kind="function"><name>reset</name></member>
    <member refid="classFtdi_1_1Context_1a36cf5e632dcc34f4ccd37a02eeedcb8d" kind="function"><name>flush</name></member>
    <member refid="classFtdi_1_1Context_1a708ca863ec05cab08eec9da2cc2b0896" kind="function"><name>tcflush</name></member>
    <member refid="classFtdi_1_1Context_1a9baf46935760b09ba2f06cd978d83a41" kind="function"><name>set_interface</name></member>
    <member refid="classFtdi_1_1Context_1a3eb0536f23dbd7e2df286ee01ccc03ad" kind="function"><name>set_usb_device</name></member>
    <member refid="classFtdi_1_1Context_1a12d1736e590aefe7a4a3880d01961a20" kind="function"><name>set_baud_rate</name></member>
    <member refid="classFtdi_1_1Context_1acaf9f3ab2dde7b231e26cd35db4a962c" kind="function"><name>set_line_property</name></member>
    <member refid="classFtdi_1_1Context_1a2ba24f72d62c853538f0844259a98c4f" kind="function"><name>set_line_property</name></member>
    <member refid="classFtdi_1_1Context_1a46c611e11238d571b0183037b276de18" kind="function"><name>get_usb_read_timeout</name></member>
    <member refid="classFtdi_1_1Context_1ab4d7ad20fb8862ae6aefefc91b92e987" kind="function"><name>set_usb_read_timeout</name></member>
    <member refid="classFtdi_1_1Context_1af7ac0b616ad5d372374acd2b7f021cdf" kind="function"><name>get_usb_write_timeout</name></member>
    <member refid="classFtdi_1_1Context_1a3f298649f0f9a13262b0ebaf4293a352" kind="function"><name>set_usb_write_timeout</name></member>
    <member refid="classFtdi_1_1Context_1a1858062c4dacda2ab8271cd51550b7ee" kind="function"><name>read</name></member>
    <member refid="classFtdi_1_1Context_1ab517ba0e4d22242a4f7b74ea9fb04638" kind="function"><name>write</name></member>
    <member refid="classFtdi_1_1Context_1a6e4b4df1cd2c0786b94620b4e5b2f80f" kind="function"><name>set_read_chunk_size</name></member>
    <member refid="classFtdi_1_1Context_1a54859d31d5177488aefa95067c8d4666" kind="function"><name>set_write_chunk_size</name></member>
    <member refid="classFtdi_1_1Context_1a4c482b031ffe04b12087e573e91e4b79" kind="function"><name>read_chunk_size</name></member>
    <member refid="classFtdi_1_1Context_1ad4500d40d2bd07f383724968ffa945a2" kind="function"><name>write_chunk_size</name></member>
    <member refid="classFtdi_1_1Context_1a7471fc6635a9ff2f98d30c5830eb7593" kind="function"><name>set_event_char</name></member>
    <member refid="classFtdi_1_1Context_1a5b846e30bb38c78fd772281be7fc342b" kind="function"><name>set_error_char</name></member>
    <member refid="classFtdi_1_1Context_1a0c29fde1904335a1213ce1e1982adc24" kind="function"><name>set_flow_control</name></member>
    <member refid="classFtdi_1_1Context_1ad1968faa8b41f6c49c70a55872a6bdbc" kind="function"><name>set_modem_control</name></member>
    <member refid="classFtdi_1_1Context_1a60ebdaac48d273b925ff35c510f3c19a" kind="function"><name>set_latency</name></member>
    <member refid="classFtdi_1_1Context_1a5f05bf405868e37d2efe50afaf377706" kind="function"><name>set_dtr</name></member>
    <member refid="classFtdi_1_1Context_1ae5e60eb0188ba8039ee7b50329779cb0" kind="function"><name>set_rts</name></member>
    <member refid="classFtdi_1_1Context_1a9204d8315dd586286535da2a68917dad" kind="function"><name>poll_modem_status</name></member>
    <member refid="classFtdi_1_1Context_1a7e87873dc7c2987cd588f4f4d72e7732" kind="function"><name>latency</name></member>
    <member refid="classFtdi_1_1Context_1ad8a0a54d23eb0f6b8b3c77155c1b4487" kind="function"><name>set_bitmode</name></member>
    <member refid="classFtdi_1_1Context_1ab419f56aee86647a9d4bbc7e348960cf" kind="function"><name>set_bitmode</name></member>
    <member refid="classFtdi_1_1Context_1ace0a0738c511bf041a456b94ca096ec9" kind="function"><name>bitbang_disable</name></member>
    <member refid="classFtdi_1_1Context_1aa41e612799358ce70b4a5003ebcfe9ec" kind="function"><name>read_pins</name></member>
    <member refid="classFtdi_1_1Context_1a06204693d7d32f28b8e391b1a178918b" kind="function"><name>error_string</name></member>
    <member refid="classFtdi_1_1Context_1aa046b34971367270134912a656fe4cab" kind="function"><name>get_strings</name></member>
    <member refid="classFtdi_1_1Context_1af157c4c3aec352244705e87400114afd" kind="function"><name>get_strings_and_reopen</name></member>
    <member refid="classFtdi_1_1Context_1ae7cb8331c5eab1d7aa4ade40a1bd5b9e" kind="function"><name>context</name></member>
    <member refid="classFtdi_1_1Context_1aaac96a16870d29bb7f59353a36524a39" kind="function"><name>set_context</name></member>
    <member refid="classFtdi_1_1Context_1a09b387aa509195f40e0cd62ea626ebec" kind="function"><name>set_usb_device</name></member>
  </compound>
  <compound refid="classFtdi_1_1Eeprom" kind="class"><name>Ftdi::Eeprom</name>
    <member refid="classFtdi_1_1Eeprom_1abba18b122d2706e8f9fb89e1c707a5f1" kind="variable"><name>d</name></member>
    <member refid="classFtdi_1_1Eeprom_1a7ecd3ee3bb235d7d9c32b5287f509edc" kind="function"><name>Eeprom</name></member>
    <member refid="classFtdi_1_1Eeprom_1ae7945809c4ff06b8bd386472eed26b1e" kind="function"><name>~Eeprom</name></member>
    <member refid="classFtdi_1_1Eeprom_1a6ebc4425bfe250c61cd303078ad92881" kind="function"><name>init_defaults</name></member>
    <member refid="classFtdi_1_1Eeprom_1af7ab5af427de9c7464f11f1ec784c4da" kind="function"><name>chip_id</name></member>
    <member refid="classFtdi_1_1Eeprom_1abddb318d9df2c626fffa09047d5ab549" kind="function"><name>build</name></member>
    <member refid="classFtdi_1_1Eeprom_1a59ef82e22828370274fa7de627eff2e4" kind="function"><name>read</name></member>
    <member refid="classFtdi_1_1Eeprom_1ac6fb73bd70749209c46bdd9529344392" kind="function"><name>write</name></member>
    <member refid="classFtdi_1_1Eeprom_1aacdb0d74cceaeae77b754232c8b68f9e" kind="function"><name>read_location</name></member>
    <member refid="classFtdi_1_1Eeprom_1aaa79973c9fa5c44e041ad416860fa1b8" kind="function"><name>write_location</name></member>
    <member refid="classFtdi_1_1Eeprom_1a3044b5cd481ebbefd3c64e4653e8d6f3" kind="function"><name>erase</name></member>
  </compound>
  <compound refid="structftdi__context" kind="struct"><name>ftdi_context</name>
    <member refid="structftdi__context_1a05bd064e6608ee91b641eff379455e9f" kind="variable"><name>usb_ctx</name></member>
    <member refid="structftdi__context_1a1ea9e9fd3211a568779022befc0b3af8" kind="variable"><name>usb_dev</name></member>
    <member refid="structftdi__context_1afa159483bb1153259ee7ceb3b45a2c9f" kind="variable"><name>usb_read_timeout</name></member>
    <member refid="structftdi__context_1ae98125557fc25c90953053a9992767cb" kind="variable"><name>usb_write_timeout</name></member>
    <member refid="structftdi__context_1a2e565f92e6a559d75cf4828ed46d0109" kind="variable"><name>type</name></member>
    <member refid="structftdi__context_1aa688eb2312af3a9fb6b56a8c59178e34" kind="variable"><name>baudrate</name></member>
    <member refid="structftdi__context_1a164c17ee7bddaa0d76da8da7138f602f" kind="variable"><name>bitbang_enabled</name></member>
    <member refid="structftdi__context_1a891754b08145eee8669598ab28c985a4" kind="variable"><name>readbuffer</name></member>
    <member refid="structftdi__context_1aca6046c8ee0175acf84334afab5a3392" kind="variable"><name>readbuffer_offset</name></member>
    <member refid="structftdi__context_1aad05935e91af93e8dbe36781217632bf" kind="variable"><name>readbuffer_remaining</name></member>
    <member refid="structftdi__context_1a8bd3ab7267621b4a8ec3f08ae18b1c00" kind="variable"><name>readbuffer_chunksize</name></member>
    <member refid="structftdi__context_1a127d66a8b7602bd767fb01ce90e2a6be" kind="variable"><name>writebuffer_chunksize</name></member>
    <member refid="structftdi__context_1a7ca2f7e68cd28e1c3079d029fd6129c0" kind="variable"><name>max_packet_size</name></member>
    <member refid="structftdi__context_1ab67b17bd137b3b010544cdc3e6149aa7" kind="variable"><name>interface</name></member>
    <member refid="structftdi__context_1aa38ced8c782ed6844895cd4d685def64" kind="variable"><name>index</name></member>
    <member refid="structftdi__context_1a9b6cfd3763a3ca80c76bc52c89dad968" kind="variable"><name>in_ep</name></member>
    <member refid="structftdi__context_1a079427d8f2c09102bcadb9118e60c0ec" kind="variable"><name>out_ep</name></member>
    <member refid="structftdi__context_1a017557435f4377c2353d9d3b7fbcff01" kind="variable"><name>bitbang_mode</name></member>
    <member refid="structftdi__context_1a0389f5e2d92fcba8d7ae5beffbf33a1b" kind="variable"><name>eeprom</name></member>
    <member refid="structftdi__context_1a8d4f5d3fcfa12718b2a0fca702ccec06" kind="variable"><name>error_str</name></member>
    <member refid="structftdi__context_1a06072f2484298ae90fcffe450a133250" kind="variable"><name>module_detach_mode</name></member>
  </compound>
  <compound refid="structftdi__device__list" kind="struct"><name>ftdi_device_list</name>
    <member refid="structftdi__device__list_1aa80d0234b1a36e0e9a91605a7c74df37" kind="variable"><name>next</name></member>
    <member refid="structftdi__device__list_1aa8d986c61599a7f52a4d2fa1da434a37" kind="variable"><name>dev</name></member>
  </compound>
  <compound refid="structftdi__eeprom" kind="struct"><name>ftdi_eeprom</name>
    <member refid="structftdi__eeprom_1af591e992b9bd12a484ea9d4d36e92251" kind="variable"><name>vendor_id</name></member>
    <member refid="structftdi__eeprom_1ab273d6fe056b3871824486ad0bfa3a90" kind="variable"><name>product_id</name></member>
    <member refid="structftdi__eeprom_1a7a44fb7a64c3114f33561aa6214e5182" kind="variable"><name>initialized_for_connected_device</name></member>
    <member refid="structftdi__eeprom_1a055d6bef2328557e6ac4d2909e42d21b" kind="variable"><name>self_powered</name></member>
    <member refid="structftdi__eeprom_1a9b82f88497b432bebfa4dd92c304cb02" kind="variable"><name>remote_wakeup</name></member>
    <member refid="structftdi__eeprom_1a30dad8c71143befc6f947bcf04e63aa2" kind="variable"><name>is_not_pnp</name></member>
    <member refid="structftdi__eeprom_1afc46f39449462d10f9b8992523214136" kind="variable"><name>suspend_dbus7</name></member>
    <member refid="structftdi__eeprom_1a5117b50c00668aff73b5df385b0fc5f8" kind="variable"><name>in_is_isochronous</name></member>
    <member refid="structftdi__eeprom_1ab9885ee665c318a8d19c28a9c75b999a" kind="variable"><name>out_is_isochronous</name></member>
    <member refid="structftdi__eeprom_1a722a630d370318cefa94de1365f98786" kind="variable"><name>suspend_pull_downs</name></member>
    <member refid="structftdi__eeprom_1abe250275595d020fd8de3aa61d093d38" kind="variable"><name>use_serial</name></member>
    <member refid="structftdi__eeprom_1a7c0093a9bfbdf7a3c89e18228fcaba84" kind="variable"><name>usb_version</name></member>
    <member refid="structftdi__eeprom_1a54772c4686e082384adee26eeaa68005" kind="variable"><name>use_usb_version</name></member>
    <member refid="structftdi__eeprom_1a8aa39af43a6ac5c05b8682d8b3904e3c" kind="variable"><name>max_power</name></member>
    <member refid="structftdi__eeprom_1ac4656922906039cab49d4c3c52d2916b" kind="variable"><name>manufacturer</name></member>
    <member refid="structftdi__eeprom_1aa24461721904d41198603dda94e0e8ec" kind="variable"><name>product</name></member>
    <member refid="structftdi__eeprom_1aadcbc36d5b0569821b66dc0e0b0c61d1" kind="variable"><name>serial</name></member>
    <member refid="structftdi__eeprom_1ae29685074e87375b8d78580f28a06b5e" kind="variable"><name>channel_a_type</name></member>
    <member refid="structftdi__eeprom_1a2da524307ba5904880ba6e2456adc4c1" kind="variable"><name>channel_b_type</name></member>
    <member refid="structftdi__eeprom_1a67da21be4bf17ee3e0b12a92c3587bb0" kind="variable"><name>channel_a_driver</name></member>
    <member refid="structftdi__eeprom_1a128def5dc4387fdcdaddaa7c9f460637" kind="variable"><name>channel_b_driver</name></member>
    <member refid="structftdi__eeprom_1ae08edaf6d0e878a3f9e08e428ac1612d" kind="variable"><name>channel_c_driver</name></member>
    <member refid="structftdi__eeprom_1aea0a7b1821735930d82f24f5f0b6a006" kind="variable"><name>channel_d_driver</name></member>
    <member refid="structftdi__eeprom_1ac26b22453035924c2149689b07f8fae8" kind="variable"><name>channel_a_rs485enable</name></member>
    <member refid="structftdi__eeprom_1aec61d454c0f8bc1c810aa5682e9fe12a" kind="variable"><name>channel_b_rs485enable</name></member>
    <member refid="structftdi__eeprom_1a2c8f96a24402a0f8b8a4e9b34f137142" kind="variable"><name>channel_c_rs485enable</name></member>
    <member refid="structftdi__eeprom_1a6b073acb642e6053c74ec2238942adb4" kind="variable"><name>channel_d_rs485enable</name></member>
    <member refid="structftdi__eeprom_1ab32eecde1bd636a290c7f03eb4489b4d" kind="variable"><name>cbus_function</name></member>
    <member refid="structftdi__eeprom_1ad377261e985c768c2ca5731e9690efd9" kind="variable"><name>high_current</name></member>
    <member refid="structftdi__eeprom_1a4bf7b50ec4259aa83623bc9ed789c429" kind="variable"><name>high_current_a</name></member>
    <member refid="structftdi__eeprom_1a5016f08e6af06307abe71c15165d24ab" kind="variable"><name>high_current_b</name></member>
    <member refid="structftdi__eeprom_1a4876d3d01242d7c3b2961b1a42b35509" kind="variable"><name>invert</name></member>
    <member refid="structftdi__eeprom_1a295d4ef374b36c7441ce9952faa2e036" kind="variable"><name>external_oscillator</name></member>
    <member refid="structftdi__eeprom_1abb17ef38c4e3b37b404ab2d165c47571" kind="variable"><name>group0_drive</name></member>
    <member refid="structftdi__eeprom_1a385c1dc1b3d4a0ca20009a6d86c4ee3f" kind="variable"><name>group0_schmitt</name></member>
    <member refid="structftdi__eeprom_1ab796b679fceb9add14021713b0b7b331" kind="variable"><name>group0_slew</name></member>
    <member refid="structftdi__eeprom_1a638460da4cad2d7ad472a623e47c53b8" kind="variable"><name>group1_drive</name></member>
    <member refid="structftdi__eeprom_1ac1b64d7825d1072468beb430129423ca" kind="variable"><name>group1_schmitt</name></member>
    <member refid="structftdi__eeprom_1a8f219130bd0ee17c79a8d1ecadae2079" kind="variable"><name>group1_slew</name></member>
    <member refid="structftdi__eeprom_1a58cb0545a65f6f0bf431e186f1b44f71" kind="variable"><name>group2_drive</name></member>
    <member refid="structftdi__eeprom_1aa6c5c7b16e649d70e358b021ad0c469e" kind="variable"><name>group2_schmitt</name></member>
    <member refid="structftdi__eeprom_1ab69800fef64ca3d55449eab4322e5090" kind="variable"><name>group2_slew</name></member>
    <member refid="structftdi__eeprom_1ae5c54d334e18338296557572deee7433" kind="variable"><name>group3_drive</name></member>
    <member refid="structftdi__eeprom_1a7afc69623874f8b64614f2688f08033e" kind="variable"><name>group3_schmitt</name></member>
    <member refid="structftdi__eeprom_1a13e5b314e0a2c1e0a67f6bb31ac07f5a" kind="variable"><name>group3_slew</name></member>
    <member refid="structftdi__eeprom_1acbaa0dac427977d4f8fcd735a34bf2c3" kind="variable"><name>powersave</name></member>
    <member refid="structftdi__eeprom_1a55c072e8789a611a3842296ca1ac5171" kind="variable"><name>clock_polarity</name></member>
    <member refid="structftdi__eeprom_1a8a1f5de674bbd131e42e924ead65c617" kind="variable"><name>data_order</name></member>
    <member refid="structftdi__eeprom_1a85d03dc6aa088d929eea3c7b6b7c5741" kind="variable"><name>flow_control</name></member>
    <member refid="structftdi__eeprom_1a00b75b1e06473d2e755509758cf5f3a9" kind="variable"><name>user_data_addr</name></member>
    <member refid="structftdi__eeprom_1a0849034c662e9cd43b8fec1d1b192162" kind="variable"><name>user_data_size</name></member>
    <member refid="structftdi__eeprom_1a68805e2829edda7ed84211c4342d1d59" kind="variable"><name>user_data</name></member>
    <member refid="structftdi__eeprom_1a6d45e714bee4069f7f44e184d6f5ce60" kind="variable"><name>size</name></member>
    <member refid="structftdi__eeprom_1a6f88bd208558f9900298fb59fd0ffa39" kind="variable"><name>chip</name></member>
    <member refid="structftdi__eeprom_1a0b1c39033f225c7a2eb2f36b35f1f5d1" kind="variable"><name>buf</name></member>
    <member refid="structftdi__eeprom_1ab1c76bcb3a04e270b2c710da567de7d8" kind="variable"><name>release_number</name></member>
  </compound>
  <compound refid="structftdi__transfer__control" kind="struct"><name>ftdi_transfer_control</name>
    <member refid="structftdi__transfer__control_1af904524e85aed9f5f04e386c3cee3724" kind="variable"><name>completed</name></member>
    <member refid="structftdi__transfer__control_1a2667c871dacd0a472f778e4d08c5dfe5" kind="variable"><name>buf</name></member>
    <member refid="structftdi__transfer__control_1a019bd69018bb3c15dd75b258e6928af2" kind="variable"><name>size</name></member>
    <member refid="structftdi__transfer__control_1a26a718dd0866c73947f173886d462a8a" kind="variable"><name>offset</name></member>
    <member refid="structftdi__transfer__control_1a2df8400982dc8214f00852dec0f5f4a0" kind="variable"><name>ftdi</name></member>
    <member refid="structftdi__transfer__control_1a1619679c2e823f10b12f5b63e49c0b7c" kind="variable"><name>transfer</name></member>
  </compound>
  <compound refid="structftdi__version__info" kind="struct"><name>ftdi_version_info</name>
    <member refid="structftdi__version__info_1a5644a73d7e253c663738d4e705999910" kind="variable"><name>major</name></member>
    <member refid="structftdi__version__info_1a011b5e8cbe4af99afd0a0440e5e75669" kind="variable"><name>minor</name></member>
    <member refid="structftdi__version__info_1ab5dd11d114d02d509e2bf83eea4d180a" kind="variable"><name>micro</name></member>
    <member refid="structftdi__version__info_1af5581f9a5c2c2d03551bc1d8d0f026a1" kind="variable"><name>version_str</name></member>
    <member refid="structftdi__version__info_1ae56ef54eaad3de9ced05282eb3cce62c" kind="variable"><name>snapshot_str</name></member>
  </compound>
  <compound refid="structFTDIProgressInfo" kind="struct"><name>FTDIProgressInfo</name>
    <member refid="structFTDIProgressInfo_1a8f6fb0a969b2e347555cb543dfb25df6" kind="variable"><name>first</name></member>
    <member refid="structFTDIProgressInfo_1aa52b1270a1672175823f96841cbfa90b" kind="variable"><name>prev</name></member>
    <member refid="structFTDIProgressInfo_1ab250ef1fc6f8d3d42d7ce428a2f1e5f2" kind="variable"><name>current</name></member>
    <member refid="structFTDIProgressInfo_1a95057afd13aaa69e72e14dd00c810e9d" kind="variable"><name>totalTime</name></member>
    <member refid="structFTDIProgressInfo_1a93d286aab4f3eb6ebe74607e4ff7ffb2" kind="variable"><name>totalRate</name></member>
    <member refid="structFTDIProgressInfo_1a9bd1dfc76038bd295a1b470150c6a4a7" kind="variable"><name>currentRate</name></member>
  </compound>
  <compound refid="structFTDIStreamState" kind="struct"><name>FTDIStreamState</name>
    <member refid="structFTDIStreamState_1ad7deafbf03aa81c36dfd1fe72e1be26a" kind="variable"><name>callback</name></member>
    <member refid="structFTDIStreamState_1aed6ab260ee8a0882d5ac8c94e4f2192b" kind="variable"><name>userdata</name></member>
    <member refid="structFTDIStreamState_1aa8a00a2459dbb9bfa6947ce5b824b610" kind="variable"><name>packetsize</name></member>
    <member refid="structFTDIStreamState_1af3e8d999a90427f8118de502bf09e9ef" kind="variable"><name>activity</name></member>
    <member refid="structFTDIStreamState_1af28e11102a214cbd87760577a7c2668d" kind="variable"><name>result</name></member>
    <member refid="structFTDIStreamState_1af171d0f207896b44eafda991654d1f81" kind="variable"><name>progress</name></member>
  </compound>
  <compound refid="classFtdi_1_1List" kind="class"><name>Ftdi::List</name>
    <member refid="classFtdi_1_1List_1a0f7f7fad56e8d14e0b96f9b985a433ad" kind="typedef"><name>ListType</name></member>
    <member refid="classFtdi_1_1List_1a42dc7256a0cacb1534388b272d71a6e1" kind="typedef"><name>iterator</name></member>
    <member refid="classFtdi_1_1List_1a89f81377906bec5c14d262a959ac4bb0" kind="typedef"><name>const_iterator</name></member>
    <member refid="classFtdi_1_1List_1a5031c32928ad47f6a8c9b425a557c998" kind="typedef"><name>reverse_iterator</name></member>
    <member refid="classFtdi_1_1List_1a40ba96ede36bc45a2b22e0a9ceba9cc0" kind="typedef"><name>const_reverse_iterator</name></member>
    <member refid="classFtdi_1_1List_1a8b5617df8e30f8eeb25befaf71b5cd3e" kind="variable"><name>d</name></member>
    <member refid="classFtdi_1_1List_1a9f005b9f8886ab85e43a2ea5b019b72d" kind="function"><name>List</name></member>
    <member refid="classFtdi_1_1List_1a0d6814256d82692d46483733c71037d7" kind="function"><name>~List</name></member>
    <member refid="classFtdi_1_1List_1a420ec5202f3c6a12de1b76c4842df42e" kind="function"><name>begin</name></member>
    <member refid="classFtdi_1_1List_1aabc5f6a4b69536ca68b7f364ba58d336" kind="function"><name>end</name></member>
    <member refid="classFtdi_1_1List_1a2aee0f2b5261f00da65f4ff7da94892e" kind="function"><name>begin</name></member>
    <member refid="classFtdi_1_1List_1a54ecad22633f34fe38f0b7ca1f3396fd" kind="function"><name>end</name></member>
    <member refid="classFtdi_1_1List_1a691d51ae1d7e04cc7100241fda7226b9" kind="function"><name>rbegin</name></member>
    <member refid="classFtdi_1_1List_1aaeae5fdd0a1595cfbca8c558b89d90df" kind="function"><name>rend</name></member>
    <member refid="classFtdi_1_1List_1ac0ca012cd95ee7e387ad42bfd3a8162c" kind="function"><name>rbegin</name></member>
    <member refid="classFtdi_1_1List_1aed6f5bc6486cdf6bdeeaf7df93154d53" kind="function"><name>rend</name></member>
    <member refid="classFtdi_1_1List_1afb91af4ded96be99e671c81debc6ea1c" kind="function"><name>size</name></member>
    <member refid="classFtdi_1_1List_1a942b6a7ef923e8ad3f50bc477fc7c345" kind="function"><name>empty</name></member>
    <member refid="classFtdi_1_1List_1a3e518597e7e1d8cce072fbf0c75a9d32" kind="function"><name>clear</name></member>
    <member refid="classFtdi_1_1List_1a280cb7466bcdc7afbcf27893f6bba4df" kind="function"><name>push_back</name></member>
    <member refid="classFtdi_1_1List_1ae5bbd5d4b9c5c8c159a50a4f25a4c896" kind="function"><name>push_front</name></member>
    <member refid="classFtdi_1_1List_1a608e4633a7bac3a39ac51fd67f190a89" kind="function"><name>erase</name></member>
    <member refid="classFtdi_1_1List_1a318bc7283fa5ae8ad4c102a4aec7af27" kind="function"><name>erase</name></member>
    <member refid="classFtdi_1_1List_1ab7f76e262b065f3b1d36a51c20fa0feb" kind="function"><name>find_all</name></member>
  </compound>
  <compound refid="classFtdi_1_1Eeprom_1_1Private" kind="class"><name>Ftdi::Eeprom::Private</name>
    <member refid="classFtdi_1_1Eeprom_1_1Private_1a9c23d26cb036d09954a824526b65777e" kind="variable"><name>eeprom</name></member>
    <member refid="classFtdi_1_1Eeprom_1_1Private_1a32698304e80aca69bc1412f1a24812ca" kind="variable"><name>context</name></member>
    <member refid="classFtdi_1_1Eeprom_1_1Private_1a63564082f5d1703b9c00f261b0e47499" kind="function"><name>Private</name></member>
  </compound>
  <compound refid="classFtdi_1_1Context_1_1Private" kind="class"><name>Ftdi::Context::Private</name>
    <member refid="classFtdi_1_1Context_1_1Private_1aa5fa397d6e6021093a4f4b39e32523aa" kind="variable"><name>open</name></member>
    <member refid="classFtdi_1_1Context_1_1Private_1ad7923179c336fca19a5cc3ca19a6a815" kind="variable"><name>ftdi</name></member>
    <member refid="classFtdi_1_1Context_1_1Private_1adc445c0f495138d9b38950df3ff9d2cf" kind="variable"><name>dev</name></member>
    <member refid="classFtdi_1_1Context_1_1Private_1a0b0fb0d19d6e4a2f9552211e195f73c9" kind="variable"><name>vendor</name></member>
    <member refid="classFtdi_1_1Context_1_1Private_1a6c042b17b2e52d060502ad2dc2d786da" kind="variable"><name>description</name></member>
    <member refid="classFtdi_1_1Context_1_1Private_1a6efce3ed52f70fb07f7b789ecc412ebe" kind="variable"><name>serial</name></member>
    <member refid="classFtdi_1_1Context_1_1Private_1a04d13cee8be6a93d1990d4519426e05d" kind="function"><name>Private</name></member>
    <member refid="classFtdi_1_1Context_1_1Private_1ac6914d23ec3542ea32c8d2b2ec525e96" kind="function"><name>~Private</name></member>
  </compound>
  <compound refid="classFtdi_1_1List_1_1Private" kind="class"><name>Ftdi::List::Private</name>
    <member refid="classFtdi_1_1List_1_1Private_1ac95ef41346b70deaa321c0fab10f1f3a" kind="variable"><name>list</name></member>
    <member refid="classFtdi_1_1List_1_1Private_1a71b95c38727b514bcf0ebfb331c00b86" kind="variable"><name>devlist</name></member>
    <member refid="classFtdi_1_1List_1_1Private_1a2442797d80d90894573b45273392278c" kind="function"><name>Private</name></member>
    <member refid="classFtdi_1_1List_1_1Private_1aa5429f4a34d2eb4fc714d45c4fd7bee1" kind="function"><name>~Private</name></member>
  </compound>
  <compound refid="structsize__and__time" kind="struct"><name>size_and_time</name>
    <member refid="structsize__and__time_1aabc8d7998efabbe4b2807fe47c3320cf" kind="variable"><name>totalBytes</name></member>
    <member refid="structsize__and__time_1abbce72027653d30f547cdb00a18cb57c" kind="variable"><name>time</name></member>
  </compound>
  <compound refid="namespaceFtdi" kind="namespace"><name>Ftdi</name>
  </compound>
  <compound refid="src_2CMakeLists_8txt" kind="file"><name>src/CMakeLists.txt</name>
    <member refid="src_2CMakeLists_8txt_1afac990d23b1af7e1169bed5cf938b440" kind="function"><name>include_directories</name></member>
    <member refid="src_2CMakeLists_8txt_1ac1a4596dcfceefb11b12783282322cb5" kind="function"><name>set</name></member>
    <member refid="src_2CMakeLists_8txt_1a71149456fc3bdebe3862541d1f8285a9" kind="function"><name>configure_file</name></member>
  </compound>
  <compound refid="ftdipp_2CMakeLists_8txt" kind="file"><name>ftdipp/CMakeLists.txt</name>
    <member refid="ftdipp_2CMakeLists_8txt_1a92f0ff6f7f62a62bd503cbefad960218" kind="function"><name>set</name></member>
    <member refid="ftdipp_2CMakeLists_8txt_1aa470dffcd87669f081cc534dbc3070f6" kind="function"><name>include_directories</name></member>
    <member refid="ftdipp_2CMakeLists_8txt_1a82ff733c04940aa4ab46f14dd1d9c7ed" kind="function"><name>add_library</name></member>
    <member refid="ftdipp_2CMakeLists_8txt_1a42306676ca4e381f5c1a4e37d7eda7fe" kind="function"><name>set_target_properties</name></member>
  </compound>
  <compound refid="ftdi_8c" kind="file"><name>ftdi.c</name>
    <member refid="ftdi_8c_1a3a7f6629505150e8e46919018cb81881" kind="define"><name>_FTDI_DISABLE_DEPRECATED</name></member>
    <member refid="ftdi_8c_1a885116a371f8fe4f6d03d1f943d8529b" kind="define"><name>ftdi_error_return</name></member>
    <member refid="ftdi_8c_1a4ceb56112022b39be216a40ab52cd9a8" kind="define"><name>ftdi_error_return_free_device_list</name></member>
    <member refid="ftdi_8c_1a8e6e2daccfbf4c315f3f55f4ebf1f302" kind="define"><name>H_CLK</name></member>
    <member refid="ftdi_8c_1ab1611d2019aad8c7a5a523d3d9d13cfc" kind="define"><name>C_CLK</name></member>
    <member refid="ftdi_8c_1a94630370ae389fb1189282fa0742f310" kind="define"><name>MAGIC</name></member>
    <member refid="ftdi_8c_1a9f3011d2f051e2979a942639ec36a829" kind="function"><name>ftdi_usb_close_internal</name></member>
    <member refid="ftdi_8c_1a21e2ed53cad4fa8242022afe1e12d2ee" kind="function"><name>ftdi_init</name></member>
    <member refid="ftdi_8c_1afd46c6784367fd95c5f852d3b38949a8" kind="function"><name>ftdi_new</name></member>
    <member refid="ftdi_8c_1a6dc886d709eced377a33dc975fa6e771" kind="function"><name>ftdi_set_interface</name></member>
    <member refid="ftdi_8c_1a72838200be98d88737d532f9eee1e7be" kind="function"><name>ftdi_deinit</name></member>
    <member refid="ftdi_8c_1a3cc28e5b7f1f50246861fcb39e7dd291" kind="function"><name>ftdi_free</name></member>
    <member refid="ftdi_8c_1a1eb46e0bb208b64f88169b5452cf6e94" kind="function"><name>ftdi_set_usbdev</name></member>
    <member refid="ftdi_8c_1af4b4d11e33d946568efc64851ee8c7e5" kind="function"><name>ftdi_get_library_version</name></member>
    <member refid="ftdi_8c_1a2845a0c63809747c9c7b1ea404453bc4" kind="function"><name>ftdi_usb_find_all</name></member>
    <member refid="ftdi_8c_1a35358ea578644aa309300db782415c9f" kind="function"><name>ftdi_list_free</name></member>
    <member refid="ftdi_8c_1aa4838bebb2024ae9bfdcc81adbda3493" kind="function"><name>ftdi_list_free2</name></member>
    <member refid="ftdi_8c_1a17e8eae09e58bd3bfeeab8decfce7fd9" kind="function"><name>ftdi_usb_get_strings</name></member>
    <member refid="ftdi_8c_1ad2de9ec013131d1a49038cb3c28c6415" kind="function"><name>ftdi_usb_get_strings2</name></member>
    <member refid="ftdi_8c_1a048332b2b47c4ece5bb88e96c21ad705" kind="function"><name>_ftdi_determine_max_packet_size</name></member>
    <member refid="ftdi_8c_1a07d90df83e677ad08fe551de17fd7a41" kind="function"><name>ftdi_usb_open_dev</name></member>
    <member refid="ftdi_8c_1a95d4689db18fc1fd70011f6504ab8c40" kind="function"><name>ftdi_usb_open</name></member>
    <member refid="ftdi_8c_1a93c2c5f546f5968ae497c099d319ff32" kind="function"><name>ftdi_usb_open_desc</name></member>
    <member refid="ftdi_8c_1a3c5ccb0678b0e268b4081ea978e8eb78" kind="function"><name>ftdi_usb_open_desc_index</name></member>
    <member refid="ftdi_8c_1aac0c0e390c351db64bd42a86cb9d8d31" kind="function"><name>ftdi_usb_open_bus_addr</name></member>
    <member refid="ftdi_8c_1aae805b82251a61dae46b98345cd84d5c" kind="function"><name>ftdi_usb_open_string</name></member>
    <member refid="ftdi_8c_1a266ccc351ea31289022063a8ae29edf4" kind="function"><name>ftdi_usb_reset</name></member>
    <member refid="ftdi_8c_1a36d3547ade83501428e9da52d9debedb" kind="function"><name>ftdi_tciflush</name></member>
    <member refid="ftdi_8c_1a25a6d4766e30bd47602ed0c0ecf53476" kind="function"><name>ftdi_usb_purge_rx_buffer</name></member>
    <member refid="ftdi_8c_1ab7be67a70d0791643dc08a920d6f4668" kind="function"><name>ftdi_tcoflush</name></member>
    <member refid="ftdi_8c_1a1eab1dfd17068c46775a86496fee8bec" kind="function"><name>ftdi_usb_purge_tx_buffer</name></member>
    <member refid="ftdi_8c_1aeca5f2979d57490be0f3646fb4f3116a" kind="function"><name>ftdi_tcioflush</name></member>
    <member refid="ftdi_8c_1a3089d7ceafad896c007111b8e5c02906" kind="function"><name>ftdi_usb_purge_buffers</name></member>
    <member refid="ftdi_8c_1a9536eff48c7ae9313b2a97320743ee3b" kind="function"><name>ftdi_usb_close</name></member>
    <member refid="ftdi_8c_1a5f131fa8000a7a4f8112f137d294cdf6" kind="function"><name>ftdi_to_clkbits_AM</name></member>
    <member refid="ftdi_8c_1a7d69638090fd12de8fbb8f2061f1430e" kind="function"><name>ftdi_to_clkbits</name></member>
    <member refid="ftdi_8c_1a584697533494b60422b6cce5b8c68b6e" kind="function"><name>ftdi_convert_baudrate</name></member>
    <member refid="ftdi_8c_1a90fbdaa0bbee4c6d0d0ccd7225b2c843" kind="function"><name>convert_baudrate_UT_export</name></member>
    <member refid="ftdi_8c_1ae80f1dc38f5c80946a56ec34a329e7f5" kind="function"><name>ftdi_set_baudrate</name></member>
    <member refid="ftdi_8c_1a044fdde91eaa3f557b545172622ee460" kind="function"><name>ftdi_set_line_property</name></member>
    <member refid="ftdi_8c_1a481d055a35dd9042c1c23e2214d2655c" kind="function"><name>ftdi_set_line_property2</name></member>
    <member refid="ftdi_8c_1a01199788c36ba93352f155a79ea295e8" kind="function"><name>ftdi_write_data</name></member>
    <member refid="ftdi_8c_1af878c975e3d63d47edec78e2b142a3b4" kind="function"><name>ftdi_read_data_cb</name></member>
    <member refid="ftdi_8c_1a8dce1cf71bf6098133f987f7d5e8128d" kind="function"><name>ftdi_write_data_cb</name></member>
    <member refid="ftdi_8c_1a90c2133a195fc7ebf229205c2755fc67" kind="function"><name>ftdi_write_data_submit</name></member>
    <member refid="ftdi_8c_1ab4dd69a3332c544dfdcbf4da85bd8801" kind="function"><name>ftdi_read_data_submit</name></member>
    <member refid="ftdi_8c_1af580b6263d15746d1f5d3759f9c3ac02" kind="function"><name>ftdi_transfer_data_done</name></member>
    <member refid="ftdi_8c_1accb36ed9571b5a1955479d50b2e1d91e" kind="function"><name>ftdi_transfer_data_cancel</name></member>
    <member refid="ftdi_8c_1a85e22717c3315a09219b03a1862c0c46" kind="function"><name>ftdi_write_data_set_chunksize</name></member>
    <member refid="ftdi_8c_1a5944f14ffd11faa113515ff29dc769ed" kind="function"><name>ftdi_write_data_get_chunksize</name></member>
    <member refid="ftdi_8c_1a72d87e30015c98bd0be22e7c8c873345" kind="function"><name>ftdi_read_data</name></member>
    <member refid="ftdi_8c_1a65783703baf0828d519ef597bb2855c1" kind="function"><name>ftdi_read_data_set_chunksize</name></member>
    <member refid="ftdi_8c_1ab42b05f26b6a6545ae3ae1b4edc28e5c" kind="function"><name>ftdi_read_data_get_chunksize</name></member>
    <member refid="ftdi_8c_1a83b41e900a1faf2ecc0546ce48ec7e70" kind="function"><name>ftdi_set_bitmode</name></member>
    <member refid="ftdi_8c_1a42b4776b91c6b14d2d1008b160b78efa" kind="function"><name>ftdi_disable_bitbang</name></member>
    <member refid="ftdi_8c_1ab823dd90f2359612b1546ef0ceebdc0e" kind="function"><name>ftdi_read_pins</name></member>
    <member refid="ftdi_8c_1a3e0227b0c7aa859d2d2afb5ffa4c8466" kind="function"><name>ftdi_set_latency_timer</name></member>
    <member refid="ftdi_8c_1acf7b6dcc4de33db2263ce8a421e18bfc" kind="function"><name>ftdi_get_latency_timer</name></member>
    <member refid="ftdi_8c_1a396c3bf1435fb3317755868e28c47414" kind="function"><name>ftdi_poll_modem_status</name></member>
    <member refid="ftdi_8c_1ac3b3d2cc69edf567e653340f434c91e0" kind="function"><name>ftdi_setflowctrl</name></member>
    <member refid="ftdi_8c_1adb73a6a59c454502fb98a1239814bfb2" kind="function"><name>ftdi_setflowctrl_xonxoff</name></member>
    <member refid="ftdi_8c_1a47761f16762363288c55f5fff24620d5" kind="function"><name>ftdi_setdtr</name></member>
    <member refid="ftdi_8c_1a5713ba73288b3e1ac1d45096c917c1ab" kind="function"><name>ftdi_setrts</name></member>
    <member refid="ftdi_8c_1a5a8f23c2e77c8b58c1f44a11e2f52aa9" kind="function"><name>ftdi_setdtr_rts</name></member>
    <member refid="ftdi_8c_1a71eeabe2ee5474d5c0ceddc2e08766cd" kind="function"><name>ftdi_set_event_char</name></member>
    <member refid="ftdi_8c_1aeb9510a61f6648eb1bd57f0f99a390e1" kind="function"><name>ftdi_set_error_char</name></member>
    <member refid="ftdi_8c_1a0b04717765deb6706482a3f3124c0b4a" kind="function"><name>ftdi_eeprom_initdefaults</name></member>
    <member refid="ftdi_8c_1a64de7f0529572f56c9aa27d3e79ad7e6" kind="function"><name>ftdi_eeprom_set_strings</name></member>
    <member refid="ftdi_8c_1aefc3d12f7421030c63ad77b9af1d4a83" kind="function"><name>ftdi_eeprom_get_strings</name></member>
    <member refid="ftdi_8c_1a4c5f8b615c0db9ed6deefaf57563e3f5" kind="function"><name>set_ft232h_cbus</name></member>
    <member refid="ftdi_8c_1a5f8ad89b8dacf7c46c690212484821dd" kind="function"><name>type2bit</name></member>
    <member refid="ftdi_8c_1accf7f39923b4a9bbc626cca9f7ac40b1" kind="function"><name>ftdi_eeprom_build</name></member>
    <member refid="ftdi_8c_1acfd8e756664dbbd52ce62c292a7b5d0d" kind="function"><name>bit2type</name></member>
    <member refid="ftdi_8c_1a09e9a657a519729435dcab290e330941" kind="function"><name>print_inverted_bits</name></member>
    <member refid="ftdi_8c_1ac91c95ae42ec1ba885dc54f39709c072" kind="function"><name>ftdi_eeprom_decode</name></member>
    <member refid="ftdi_8c_1a6213209895e40153d103a72654d53b81" kind="function"><name>ftdi_get_eeprom_value</name></member>
    <member refid="ftdi_8c_1a8e120f60f65859c1976c2dba99e9d002" kind="function"><name>ftdi_set_eeprom_value</name></member>
    <member refid="ftdi_8c_1a92a449af4a1becc70e80e49f3c937bbd" kind="function"><name>ftdi_get_eeprom_buf</name></member>
    <member refid="ftdi_8c_1aad29bea74f6ae02ed757d2a39c060969" kind="function"><name>ftdi_set_eeprom_buf</name></member>
    <member refid="ftdi_8c_1a1af4ea94a0cbe4d4b6364675eee0b4ef" kind="function"><name>ftdi_set_eeprom_user_data</name></member>
    <member refid="ftdi_8c_1a650df1dc49ec78f0ee58b1c4f2644fd9" kind="function"><name>ftdi_read_eeprom_location</name></member>
    <member refid="ftdi_8c_1ac157786fdf2e9c6b51dd9b4ddbb34d5f" kind="function"><name>ftdi_read_eeprom</name></member>
    <member refid="ftdi_8c_1a7b52565de864db82624b070c91e0cb67" kind="function"><name>ftdi_read_chipid_shift</name></member>
    <member refid="ftdi_8c_1ab978a76c2cc0dbfbc1fd6350db848300" kind="function"><name>ftdi_read_chipid</name></member>
    <member refid="ftdi_8c_1a5f2f678fc05cb8f92708fb1e5eb75100" kind="function"><name>ftdi_write_eeprom_location</name></member>
    <member refid="ftdi_8c_1a8cc9811660d1adfb4b30157c5ab26d5a" kind="function"><name>ftdi_write_eeprom</name></member>
    <member refid="ftdi_8c_1a25eb9a83a925065b6c3b61b8f0565951" kind="function"><name>ftdi_erase_eeprom</name></member>
    <member refid="ftdi_8c_1a59bd8b3e806348db5e96f582e0fe10b8" kind="function"><name>ftdi_get_error_string</name></member>
  </compound>
  <compound refid="ftdi_8cpp" kind="file"><name>ftdi.cpp</name>
    <member refid="ftdi_8cpp_1a3a7f6629505150e8e46919018cb81881" kind="define"><name>_FTDI_DISABLE_DEPRECATED</name></member>
  </compound>
  <compound refid="ftdi_8h" kind="file"><name>ftdi.h</name>
    <member refid="ftdi_8h_1a6a3696838ae546f4d7de69182ef62848" kind="define"><name>_Ftdi_Pragma</name></member>
    <member refid="ftdi_8h_1a9de9f35f490e7e6af56bc7a85f58db4f" kind="define"><name>MPSSE_WRITE_NEG</name></member>
    <member refid="ftdi_8h_1a7bd78e596ccde13a83032faa4781e62a" kind="define"><name>MPSSE_BITMODE</name></member>
    <member refid="ftdi_8h_1a2e91c12259b50b7008458f68f9b9c0aa" kind="define"><name>MPSSE_READ_NEG</name></member>
    <member refid="ftdi_8h_1a10712011f00bfddfded513df980f0c8a" kind="define"><name>MPSSE_LSB</name></member>
    <member refid="ftdi_8h_1a7fb4782adbbddee3c04496a05f5be50a" kind="define"><name>MPSSE_DO_WRITE</name></member>
    <member refid="ftdi_8h_1a052fe1509117ce2e0954267a064eb26b" kind="define"><name>MPSSE_DO_READ</name></member>
    <member refid="ftdi_8h_1ae21eab0b9a49b89cef434812ed1952ef" kind="define"><name>MPSSE_WRITE_TMS</name></member>
    <member refid="ftdi_8h_1a919ecc5bc420eea2016d0c1321f4f4f4" kind="define"><name>SET_BITS_LOW</name></member>
    <member refid="ftdi_8h_1a4c666c9895f3e5faff80464a2a0dfbb5" kind="define"><name>SET_BITS_HIGH</name></member>
    <member refid="ftdi_8h_1afe5d5a38c98537902b5a7ebbdf33d113" kind="define"><name>GET_BITS_LOW</name></member>
    <member refid="ftdi_8h_1ae8b149dcdb9b285964c5ef2b0862d3f8" kind="define"><name>GET_BITS_HIGH</name></member>
    <member refid="ftdi_8h_1ad01d591a59f33d97535f1991e750596c" kind="define"><name>LOOPBACK_START</name></member>
    <member refid="ftdi_8h_1a442b54ed1b900b193d203348cb93e2d7" kind="define"><name>LOOPBACK_END</name></member>
    <member refid="ftdi_8h_1a7318f405c39e61592a3417c654b053da" kind="define"><name>TCK_DIVISOR</name></member>
    <member refid="ftdi_8h_1a520040d9eaf0cee9875a96d72ed983ed" kind="define"><name>DIS_DIV_5</name></member>
    <member refid="ftdi_8h_1a0c8f9244fbbe4e656cb20e1ca78fa06e" kind="define"><name>EN_DIV_5</name></member>
    <member refid="ftdi_8h_1a70ed2b0de0f15c1b4eec6f2a19643ea1" kind="define"><name>EN_3_PHASE</name></member>
    <member refid="ftdi_8h_1a2826ad326a572077fcfb6dd76103f744" kind="define"><name>DIS_3_PHASE</name></member>
    <member refid="ftdi_8h_1a42f6fb6d9259bb2306ff59aa0db0bb3d" kind="define"><name>CLK_BITS</name></member>
    <member refid="ftdi_8h_1ae1a00156fc5dc46eb3c8691e641bebb4" kind="define"><name>CLK_BYTES</name></member>
    <member refid="ftdi_8h_1a482152a8adc413231fc1b7fb6d831608" kind="define"><name>CLK_WAIT_HIGH</name></member>
    <member refid="ftdi_8h_1a3c92222a062275ffd7310a7a48793f4f" kind="define"><name>CLK_WAIT_LOW</name></member>
    <member refid="ftdi_8h_1ae6c07856e90751019499623297a1c4a4" kind="define"><name>EN_ADAPTIVE</name></member>
    <member refid="ftdi_8h_1a19fcf5ad9bc47834c2260b4ab17b9e1c" kind="define"><name>DIS_ADAPTIVE</name></member>
    <member refid="ftdi_8h_1a4b5f327f6e1622f6b275752a071da3a9" kind="define"><name>CLK_BYTES_OR_HIGH</name></member>
    <member refid="ftdi_8h_1a95f5df61bff9b819f18d653e088375b1" kind="define"><name>CLK_BYTES_OR_LOW</name></member>
    <member refid="ftdi_8h_1a14df5b5bfbbe8f4f279a9e06aec5c0dc" kind="define"><name>DRIVE_OPEN_COLLECTOR</name></member>
    <member refid="ftdi_8h_1ac0969493ae99ce82e3ccf809883d2b5d" kind="define"><name>DIV_VALUE</name></member>
    <member refid="ftdi_8h_1ac603ce9df277cd533484fbed4ae5237b" kind="define"><name>SEND_IMMEDIATE</name></member>
    <member refid="ftdi_8h_1a4c63a09f429ce273fc437928106b17c2" kind="define"><name>WAIT_ON_HIGH</name></member>
    <member refid="ftdi_8h_1a66c47008a5d865625e6c1f2ce9e17d23" kind="define"><name>WAIT_ON_LOW</name></member>
    <member refid="ftdi_8h_1a603518d69d80262913bd3e2db90b6f76" kind="define"><name>READ_SHORT</name></member>
    <member refid="ftdi_8h_1a42b1dad19e879af499129c277fc80a14" kind="define"><name>READ_EXTENDED</name></member>
    <member refid="ftdi_8h_1af7922b45687952899a2a771cd36303a5" kind="define"><name>WRITE_SHORT</name></member>
    <member refid="ftdi_8h_1ab3e0fc5b4309cbe58e0926eec7d8edb0" kind="define"><name>WRITE_EXTENDED</name></member>
    <member refid="ftdi_8h_1adf891435697687db0e554e648b69d3cd" kind="define"><name>SIO_RESET</name></member>
    <member refid="ftdi_8h_1af9320f066e45d0389edc3240abf32090" kind="define"><name>SIO_MODEM_CTRL</name></member>
    <member refid="ftdi_8h_1a0a73f7d26ff7956ba91c46b5be2058c8" kind="define"><name>SIO_SET_FLOW_CTRL</name></member>
    <member refid="ftdi_8h_1a7d9d213da2437ef42108a9347d6d825d" kind="define"><name>SIO_SET_BAUD_RATE</name></member>
    <member refid="ftdi_8h_1a4f3c5afa955e38574d490400051cac45" kind="define"><name>SIO_SET_DATA</name></member>
    <member refid="ftdi_8h_1aff6baace3506ed18cfed6fd4695543fa" kind="define"><name>FTDI_DEVICE_OUT_REQTYPE</name></member>
    <member refid="ftdi_8h_1ac07e5b0c33c6c87470b991700b5f49dd" kind="define"><name>FTDI_DEVICE_IN_REQTYPE</name></member>
    <member refid="ftdi_8h_1a5950bd59bc692e59e8cc410667c21efb" kind="define"><name>SIO_RESET_REQUEST</name></member>
    <member refid="ftdi_8h_1a92906a42c77f2165392071ae422fc068" kind="define"><name>SIO_SET_BAUDRATE_REQUEST</name></member>
    <member refid="ftdi_8h_1a3060d361931e004cae4880164192c4ae" kind="define"><name>SIO_SET_DATA_REQUEST</name></member>
    <member refid="ftdi_8h_1ac1f7891448c392bf8b59a99dd9f0cc8b" kind="define"><name>SIO_SET_FLOW_CTRL_REQUEST</name></member>
    <member refid="ftdi_8h_1a634bc73352c2a79fdea9ded7e19cd7db" kind="define"><name>SIO_SET_MODEM_CTRL_REQUEST</name></member>
    <member refid="ftdi_8h_1aadec0bf6ad89f4fd94d7a5f5a212aa36" kind="define"><name>SIO_POLL_MODEM_STATUS_REQUEST</name></member>
    <member refid="ftdi_8h_1a50f11e536f110d96eb90687d07e481d5" kind="define"><name>SIO_SET_EVENT_CHAR_REQUEST</name></member>
    <member refid="ftdi_8h_1a5c01e46988dff16f8e0754198443d1f1" kind="define"><name>SIO_SET_ERROR_CHAR_REQUEST</name></member>
    <member refid="ftdi_8h_1a6a69ccd99fa8f1d77ba9475a69a3256d" kind="define"><name>SIO_SET_LATENCY_TIMER_REQUEST</name></member>
    <member refid="ftdi_8h_1ad4c92540084ee84c0eead313a7bbe3fa" kind="define"><name>SIO_GET_LATENCY_TIMER_REQUEST</name></member>
    <member refid="ftdi_8h_1afe6cb4f5f53d7e21f50479c8847d4d26" kind="define"><name>SIO_SET_BITMODE_REQUEST</name></member>
    <member refid="ftdi_8h_1a6891bba67d5536ca8108a3c5bed01866" kind="define"><name>SIO_READ_PINS_REQUEST</name></member>
    <member refid="ftdi_8h_1a9942db0e999f3b8549488d2346b55ad5" kind="define"><name>SIO_READ_EEPROM_REQUEST</name></member>
    <member refid="ftdi_8h_1aaea5180ed6c97e8ab5c3d50c16b04076" kind="define"><name>SIO_WRITE_EEPROM_REQUEST</name></member>
    <member refid="ftdi_8h_1a8150b0280c2dff228abba700c4cec491" kind="define"><name>SIO_ERASE_EEPROM_REQUEST</name></member>
    <member refid="ftdi_8h_1ac0a9f9965ee40db86a2e2a0415558ede" kind="define"><name>SIO_RESET_SIO</name></member>
    <member refid="ftdi_8h_1ae61a2c543abcb5d1423e1a4580c785c5" kind="define"><name>SIO_RESET_PURGE_RX</name></member>
    <member refid="ftdi_8h_1a318e8a6398bf99f58c1e7fdbaa31f3fb" kind="define"><name>SIO_RESET_PURGE_TX</name></member>
    <member refid="ftdi_8h_1aa87f1b9fef2a10c7c8dd1903ef9c4958" kind="define"><name>SIO_TCIFLUSH</name></member>
    <member refid="ftdi_8h_1af30061c574df4455d3c313d79937d45e" kind="define"><name>SIO_TCOFLUSH</name></member>
    <member refid="ftdi_8h_1ae2b5d0aa616724177b45a11e4cb7abcf" kind="define"><name>SIO_DISABLE_FLOW_CTRL</name></member>
    <member refid="ftdi_8h_1a2154b030cf08af52412d038865adc131" kind="define"><name>SIO_RTS_CTS_HS</name></member>
    <member refid="ftdi_8h_1a3a691e404a32f28eff68aec30f31e894" kind="define"><name>SIO_DTR_DSR_HS</name></member>
    <member refid="ftdi_8h_1ab1f904f041e4740f4a7641fe06ebfa92" kind="define"><name>SIO_XON_XOFF_HS</name></member>
    <member refid="ftdi_8h_1af350521dcae522217f5e71a3e28c47de" kind="define"><name>SIO_SET_DTR_MASK</name></member>
    <member refid="ftdi_8h_1ab93aac18cc98c8601ee233089b1e1874" kind="define"><name>SIO_SET_DTR_HIGH</name></member>
    <member refid="ftdi_8h_1a0e7b24544b495e4701640d4ea181e29a" kind="define"><name>SIO_SET_DTR_LOW</name></member>
    <member refid="ftdi_8h_1aacb3a1ebe1e2a507a5c22068665d0853" kind="define"><name>SIO_SET_RTS_MASK</name></member>
    <member refid="ftdi_8h_1af2a5be61d404ae9d5283420c8146048d" kind="define"><name>SIO_SET_RTS_HIGH</name></member>
    <member refid="ftdi_8h_1aca30d9bfc0334b28fcc0ab639c4a6cc5" kind="define"><name>SIO_SET_RTS_LOW</name></member>
    <member refid="ftdi_8h_1a2154b030cf08af52412d038865adc131" kind="define"><name>SIO_RTS_CTS_HS</name></member>
    <member refid="ftdi_8h_1a40b81fba21b92de527c99f43a0f8b254" kind="define"><name>FTDI_URB_USERCONTEXT_COOKIE</name></member>
    <member refid="ftdi_8h_1aaf225a2b96038de3a42d61a1fa63654b" kind="define"><name>DEPRECATED</name></member>
    <member refid="ftdi_8h_1a1a6dd2fedbead82493fd1d8fbf702c91" kind="define"><name>FT1284_CLK_IDLE_STATE</name></member>
    <member refid="ftdi_8h_1a5b08fd32976ca0ba42f66832fdb19a8b" kind="define"><name>FT1284_DATA_LSB</name></member>
    <member refid="ftdi_8h_1a92220e6661b8fa1d8eac57fda958239c" kind="define"><name>FT1284_FLOW_CONTROL</name></member>
    <member refid="ftdi_8h_1a7fe7b5606c0cc443ec8813a562e3c6ca" kind="define"><name>POWER_SAVE_DISABLE_H</name></member>
    <member refid="ftdi_8h_1a100304658f531729f8961ac2b5609fb1" kind="define"><name>USE_SERIAL_NUM</name></member>
    <member refid="ftdi_8h_1ab82cebbf83af20c2b6a233e1e03e7045" kind="define"><name>INVERT_TXD</name></member>
    <member refid="ftdi_8h_1a73d178ec141d26b742d692bf49eae6a4" kind="define"><name>INVERT_RXD</name></member>
    <member refid="ftdi_8h_1a10050f5cf9980edab827ad1a9d51d2fb" kind="define"><name>INVERT_RTS</name></member>
    <member refid="ftdi_8h_1a0b18eed74e91b8834ac67643978c2201" kind="define"><name>INVERT_CTS</name></member>
    <member refid="ftdi_8h_1ac901c76a442ca6ff79209a1ce67c2526" kind="define"><name>INVERT_DTR</name></member>
    <member refid="ftdi_8h_1ad020f1fd7af885980e614bee3d68f7b9" kind="define"><name>INVERT_DSR</name></member>
    <member refid="ftdi_8h_1afe4b5733b0436997dd52c16b86ecc37a" kind="define"><name>INVERT_DCD</name></member>
    <member refid="ftdi_8h_1abca691aa86da4470f856d1cb9269e57b" kind="define"><name>INVERT_RI</name></member>
    <member refid="ftdi_8h_1ae5cad0e9c60b369bffd8183c8ea2b9b2" kind="define"><name>CHANNEL_IS_UART</name></member>
    <member refid="ftdi_8h_1af78e3df1428821d0f91aec62b1c26805" kind="define"><name>CHANNEL_IS_FIFO</name></member>
    <member refid="ftdi_8h_1aadc4e0dc12a87ef1d2bf7234330bec75" kind="define"><name>CHANNEL_IS_OPTO</name></member>
    <member refid="ftdi_8h_1a7b1430e3f1529193e10fa64ea0f156a9" kind="define"><name>CHANNEL_IS_CPU</name></member>
    <member refid="ftdi_8h_1a4ade952468d6ba7278c9d27dd73e2f03" kind="define"><name>CHANNEL_IS_FT1284</name></member>
    <member refid="ftdi_8h_1a8a47a8a28fecea190d427737ca1658fa" kind="define"><name>CHANNEL_IS_RS485</name></member>
    <member refid="ftdi_8h_1a8a53c4bf88763b4326e707d25085b773" kind="define"><name>DRIVE_4MA</name></member>
    <member refid="ftdi_8h_1a8ec63aba1566143d853fbbefbd461ffb" kind="define"><name>DRIVE_8MA</name></member>
    <member refid="ftdi_8h_1ad0cc7c0ea18de351ca4901a21b8742ba" kind="define"><name>DRIVE_12MA</name></member>
    <member refid="ftdi_8h_1aef5d76022ef770568924aa28d6eb9010" kind="define"><name>DRIVE_16MA</name></member>
    <member refid="ftdi_8h_1a0ed76622cc57f09c2e92e5888b95bcab" kind="define"><name>SLOW_SLEW</name></member>
    <member refid="ftdi_8h_1ae641bb82c49f3c4853455bf16fd11e90" kind="define"><name>IS_SCHMITT</name></member>
    <member refid="ftdi_8h_1a55b52774c628abfb41ea15bf537329dd" kind="define"><name>DRIVER_VCP</name></member>
    <member refid="ftdi_8h_1a5da3119ded0e1994a3d4fcd78da2eb6c" kind="define"><name>DRIVER_VCPH</name></member>
    <member refid="ftdi_8h_1ae6a585cfccd26ea11cb195877d49b211" kind="define"><name>USE_USB_VERSION_BIT</name></member>
    <member refid="ftdi_8h_1ada79600bc57b36a0ab93a8fbd834b8b9" kind="define"><name>SUSPEND_DBUS7_BIT</name></member>
    <member refid="ftdi_8h_1a0b41f0434b3f10219bfbfc0ae02d60a0" kind="define"><name>HIGH_CURRENT_DRIVE</name></member>
    <member refid="ftdi_8h_1adce93ce221bc8772e8149981be6ee5a7" kind="define"><name>HIGH_CURRENT_DRIVE_R</name></member>
    <member refid="ftdi_8h_1a026dc3f26fbc7f5ef67c75f0739385ce" kind="enum"><name>ftdi_chip_type</name></member>
    <member refid="ftdi_8h_1a026dc3f26fbc7f5ef67c75f0739385ceac52d52869d9a67db6d6caaeaf6520ba7" kind="enumvalue"><name>TYPE_AM</name></member>
    <member refid="ftdi_8h_1a026dc3f26fbc7f5ef67c75f0739385cea3865c3e28f68be594baec18ca30d2068" kind="enumvalue"><name>TYPE_BM</name></member>
    <member refid="ftdi_8h_1a026dc3f26fbc7f5ef67c75f0739385ceaac65bc41b2313c45ee680cefacc84687" kind="enumvalue"><name>TYPE_2232C</name></member>
    <member refid="ftdi_8h_1a026dc3f26fbc7f5ef67c75f0739385cea60949f421ca5df446c9fb4322093bc8a" kind="enumvalue"><name>TYPE_R</name></member>
    <member refid="ftdi_8h_1a026dc3f26fbc7f5ef67c75f0739385cea1beb33ef9cca96d6a05f8fd7f1fdb92f" kind="enumvalue"><name>TYPE_2232H</name></member>
    <member refid="ftdi_8h_1a026dc3f26fbc7f5ef67c75f0739385ceab327f0179af90c5e1b2f447b6ebb426b" kind="enumvalue"><name>TYPE_4232H</name></member>
    <member refid="ftdi_8h_1a026dc3f26fbc7f5ef67c75f0739385ceae4ab54d4dadd460324ae2417b50bcb8f" kind="enumvalue"><name>TYPE_232H</name></member>
    <member refid="ftdi_8h_1a026dc3f26fbc7f5ef67c75f0739385ceaad4ea2b10157c7189b41f0d0d759d4dd" kind="enumvalue"><name>TYPE_230X</name></member>
    <member refid="ftdi_8h_1ab0a93b5355c5155dd4fbd5beaf5d5e1d" kind="enum"><name>ftdi_parity_type</name></member>
    <member refid="ftdi_8h_1ab0a93b5355c5155dd4fbd5beaf5d5e1dac157bdf0b85a40d2619cbc8bc1ae5fe2" kind="enumvalue"><name>NONE</name></member>
    <member refid="ftdi_8h_1ab0a93b5355c5155dd4fbd5beaf5d5e1daa29cedab858353a26006af9db7cd1ed8" kind="enumvalue"><name>ODD</name></member>
    <member refid="ftdi_8h_1ab0a93b5355c5155dd4fbd5beaf5d5e1da8487756fbc720579906f0ae1738f0fcc" kind="enumvalue"><name>EVEN</name></member>
    <member refid="ftdi_8h_1ab0a93b5355c5155dd4fbd5beaf5d5e1dab2a979177fd509f5398ec69341f7058f" kind="enumvalue"><name>MARK</name></member>
    <member refid="ftdi_8h_1ab0a93b5355c5155dd4fbd5beaf5d5e1dac08dae7edcb5c5bb959fee5971fbad95" kind="enumvalue"><name>SPACE</name></member>
    <member refid="ftdi_8h_1a3977a883c99069e02f97e99d059dc8b8" kind="enum"><name>ftdi_stopbits_type</name></member>
    <member refid="ftdi_8h_1a3977a883c99069e02f97e99d059dc8b8a706ed2f39ef4e69314ec3cda847d47f9" kind="enumvalue"><name>STOP_BIT_1</name></member>
    <member refid="ftdi_8h_1a3977a883c99069e02f97e99d059dc8b8abe0eab9d50a866c950d3cae314e772ba" kind="enumvalue"><name>STOP_BIT_15</name></member>
    <member refid="ftdi_8h_1a3977a883c99069e02f97e99d059dc8b8a9f707b03d4db34dd2d5f346f5ca590c6" kind="enumvalue"><name>STOP_BIT_2</name></member>
    <member refid="ftdi_8h_1a8007a7d5e37b76307c341051769e5c6f" kind="enum"><name>ftdi_bits_type</name></member>
    <member refid="ftdi_8h_1a8007a7d5e37b76307c341051769e5c6fa508d3f6e1f51152eb48cdffff3f0b7c2" kind="enumvalue"><name>BITS_7</name></member>
    <member refid="ftdi_8h_1a8007a7d5e37b76307c341051769e5c6faf0816abbef0501e93cc698ee906d1fcc" kind="enumvalue"><name>BITS_8</name></member>
    <member refid="ftdi_8h_1ae1ca6c6246df33380443c4ba6f192025" kind="enum"><name>ftdi_break_type</name></member>
    <member refid="ftdi_8h_1ae1ca6c6246df33380443c4ba6f192025a17b671576ab0f99edd941019303ce7a4" kind="enumvalue"><name>BREAK_OFF</name></member>
    <member refid="ftdi_8h_1ae1ca6c6246df33380443c4ba6f192025acf4ae3922d90ced9c3c6c4d48c3ef2e3" kind="enumvalue"><name>BREAK_ON</name></member>
    <member refid="ftdi_8h_1a2250f7812c87a96ada7fd4f19b82f666" kind="enum"><name>ftdi_mpsse_mode</name></member>
    <member refid="ftdi_8h_1a2250f7812c87a96ada7fd4f19b82f666a9a39449cbe4c114e1e6bfa7d699470d0" kind="enumvalue"><name>BITMODE_RESET</name></member>
    <member refid="ftdi_8h_1a2250f7812c87a96ada7fd4f19b82f666aaa4fb0ac6e618b52746cc047b0fd7b19" kind="enumvalue"><name>BITMODE_BITBANG</name></member>
    <member refid="ftdi_8h_1a2250f7812c87a96ada7fd4f19b82f666abca7e84a33918e28dc64555a3c99adc5" kind="enumvalue"><name>BITMODE_MPSSE</name></member>
    <member refid="ftdi_8h_1a2250f7812c87a96ada7fd4f19b82f666a18ab23f2dd8952389493461445403ccf" kind="enumvalue"><name>BITMODE_SYNCBB</name></member>
    <member refid="ftdi_8h_1a2250f7812c87a96ada7fd4f19b82f666a1862f960bcd1a6ae95e530286149f1e3" kind="enumvalue"><name>BITMODE_MCU</name></member>
    <member refid="ftdi_8h_1a2250f7812c87a96ada7fd4f19b82f666ab6275485366fc7115bbb4b5ed6ec4b5c" kind="enumvalue"><name>BITMODE_OPTO</name></member>
    <member refid="ftdi_8h_1a2250f7812c87a96ada7fd4f19b82f666a1d40e96db29cd2a24b9af79e3ba3274e" kind="enumvalue"><name>BITMODE_CBUS</name></member>
    <member refid="ftdi_8h_1a2250f7812c87a96ada7fd4f19b82f666a4fe662925e32ff8144d116c244a384e0" kind="enumvalue"><name>BITMODE_SYNCFF</name></member>
    <member refid="ftdi_8h_1a2250f7812c87a96ada7fd4f19b82f666a1af00066197785f9cc7137a0f67ef9a5" kind="enumvalue"><name>BITMODE_FT1284</name></member>
    <member refid="ftdi_8h_1a9c55e66c45a0e4ec5548ee7d6e1a9265" kind="enum"><name>ftdi_interface</name></member>
    <member refid="ftdi_8h_1a9c55e66c45a0e4ec5548ee7d6e1a9265a794b6a029883152ff98ea1f6c896b02d" kind="enumvalue"><name>INTERFACE_ANY</name></member>
    <member refid="ftdi_8h_1a9c55e66c45a0e4ec5548ee7d6e1a9265afb60d9e73330c16ba970b3dd169fe4d1" kind="enumvalue"><name>INTERFACE_A</name></member>
    <member refid="ftdi_8h_1a9c55e66c45a0e4ec5548ee7d6e1a9265a5326a506445adc927025ee5c55452380" kind="enumvalue"><name>INTERFACE_B</name></member>
    <member refid="ftdi_8h_1a9c55e66c45a0e4ec5548ee7d6e1a9265a1eb34784ca745a5d76480c190a92d68c" kind="enumvalue"><name>INTERFACE_C</name></member>
    <member refid="ftdi_8h_1a9c55e66c45a0e4ec5548ee7d6e1a9265a3b672d2aef77ffdf9d59d827db194021" kind="enumvalue"><name>INTERFACE_D</name></member>
    <member refid="ftdi_8h_1adb5c9021fa85791df4a0b9dac671109a" kind="enum"><name>ftdi_module_detach_mode</name></member>
    <member refid="ftdi_8h_1adb5c9021fa85791df4a0b9dac671109aa3fde2d289c2051df02332045e58f4a76" kind="enumvalue"><name>AUTO_DETACH_SIO_MODULE</name></member>
    <member refid="ftdi_8h_1adb5c9021fa85791df4a0b9dac671109aace168be683d2ef72c7d084c8ed1ff911" kind="enumvalue"><name>DONT_DETACH_SIO_MODULE</name></member>
    <member refid="ftdi_8h_1adb5c9021fa85791df4a0b9dac671109aa8a8fb9bfc38abbdca4b8ae295bd90f20" kind="enumvalue"><name>AUTO_DETACH_REATACH_SIO_MODULE</name></member>
    <member refid="ftdi_8h_1ac40507f049c077d5bab6bf0e65c103cd" kind="enum"><name>ftdi_eeprom_value</name></member>
    <member refid="ftdi_8h_1ac40507f049c077d5bab6bf0e65c103cda9fe07086ac9a218e8214ba9e7a5f7933" kind="enumvalue"><name>VENDOR_ID</name></member>
    <member refid="ftdi_8h_1ac40507f049c077d5bab6bf0e65c103cda6c2d445571c53a6ffaa9ad9e84258e6b" kind="enumvalue"><name>PRODUCT_ID</name></member>
    <member refid="ftdi_8h_1ac40507f049c077d5bab6bf0e65c103cda8921cc2e575c669f3b6116ec6c2946a4" kind="enumvalue"><name>SELF_POWERED</name></member>
    <member refid="ftdi_8h_1ac40507f049c077d5bab6bf0e65c103cda65603b0b33ba5a1cf2fc9abbabf731eb" kind="enumvalue"><name>REMOTE_WAKEUP</name></member>
    <member refid="ftdi_8h_1ac40507f049c077d5bab6bf0e65c103cda80005060e30959d4d90449f343a0b777" kind="enumvalue"><name>IS_NOT_PNP</name></member>
    <member refid="ftdi_8h_1ac40507f049c077d5bab6bf0e65c103cda17887eedccc85d83d1ce847be1e433ed" kind="enumvalue"><name>SUSPEND_DBUS7</name></member>
    <member refid="ftdi_8h_1ac40507f049c077d5bab6bf0e65c103cda14520ed9a009b332096746b8b014ba84" kind="enumvalue"><name>IN_IS_ISOCHRONOUS</name></member>
    <member refid="ftdi_8h_1ac40507f049c077d5bab6bf0e65c103cdac3d4167972b6222c4035a259fca7126d" kind="enumvalue"><name>OUT_IS_ISOCHRONOUS</name></member>
    <member refid="ftdi_8h_1ac40507f049c077d5bab6bf0e65c103cda68d4ae93864ec70b19d9cf511d8f05ec" kind="enumvalue"><name>SUSPEND_PULL_DOWNS</name></member>
    <member refid="ftdi_8h_1ac40507f049c077d5bab6bf0e65c103cda766bf8fb28072e760bd2dfdcbb2cc102" kind="enumvalue"><name>USE_SERIAL</name></member>
    <member refid="ftdi_8h_1ac40507f049c077d5bab6bf0e65c103cda54e6e162c0578b9576d31c069d43f3da" kind="enumvalue"><name>USB_VERSION</name></member>
    <member refid="ftdi_8h_1ac40507f049c077d5bab6bf0e65c103cda2a153af6487afaffc04f13785c99ba66" kind="enumvalue"><name>USE_USB_VERSION</name></member>
    <member refid="ftdi_8h_1ac40507f049c077d5bab6bf0e65c103cda83623d0e379659fb8113d8c5f6394706" kind="enumvalue"><name>MAX_POWER</name></member>
    <member refid="ftdi_8h_1ac40507f049c077d5bab6bf0e65c103cda86c1629835d45789c2bf3a7ee2fa7164" kind="enumvalue"><name>CHANNEL_A_TYPE</name></member>
    <member refid="ftdi_8h_1ac40507f049c077d5bab6bf0e65c103cda7ca539644f82b44fc59004dec38d3f43" kind="enumvalue"><name>CHANNEL_B_TYPE</name></member>
    <member refid="ftdi_8h_1ac40507f049c077d5bab6bf0e65c103cda9764d3fb2ce5d3eff6f743dd8cfe1395" kind="enumvalue"><name>CHANNEL_A_DRIVER</name></member>
    <member refid="ftdi_8h_1ac40507f049c077d5bab6bf0e65c103cda277bd50fdc3904c70fb6851850469f21" kind="enumvalue"><name>CHANNEL_B_DRIVER</name></member>
    <member refid="ftdi_8h_1ac40507f049c077d5bab6bf0e65c103cdadec48df2aacb6daa4523f4fc6e09032b" kind="enumvalue"><name>CBUS_FUNCTION_0</name></member>
    <member refid="ftdi_8h_1ac40507f049c077d5bab6bf0e65c103cda7dd4d452169ab40e99c849f1b4ed4110" kind="enumvalue"><name>CBUS_FUNCTION_1</name></member>
    <member refid="ftdi_8h_1ac40507f049c077d5bab6bf0e65c103cda307435ed7db2708581a0e86eb180200c" kind="enumvalue"><name>CBUS_FUNCTION_2</name></member>
    <member refid="ftdi_8h_1ac40507f049c077d5bab6bf0e65c103cdabe2751f6a199a5686b80da1eda17d871" kind="enumvalue"><name>CBUS_FUNCTION_3</name></member>
    <member refid="ftdi_8h_1ac40507f049c077d5bab6bf0e65c103cda5e97bbd3da3aa1aa171bf33a7a9307d1" kind="enumvalue"><name>CBUS_FUNCTION_4</name></member>
    <member refid="ftdi_8h_1ac40507f049c077d5bab6bf0e65c103cdad39c5f41d1d70a9296ae14b3e8681c53" kind="enumvalue"><name>CBUS_FUNCTION_5</name></member>
    <member refid="ftdi_8h_1ac40507f049c077d5bab6bf0e65c103cda0785c792f5ea33548404dfc19e39176b" kind="enumvalue"><name>CBUS_FUNCTION_6</name></member>
    <member refid="ftdi_8h_1ac40507f049c077d5bab6bf0e65c103cdac4b158896f5efa2e5f1afef2532f2adf" kind="enumvalue"><name>CBUS_FUNCTION_7</name></member>
    <member refid="ftdi_8h_1ac40507f049c077d5bab6bf0e65c103cda1d27121cb964655a42a066a188c690d2" kind="enumvalue"><name>CBUS_FUNCTION_8</name></member>
    <member refid="ftdi_8h_1ac40507f049c077d5bab6bf0e65c103cda0848e6d92df2404a9c1c9010ebba972d" kind="enumvalue"><name>CBUS_FUNCTION_9</name></member>
    <member refid="ftdi_8h_1ac40507f049c077d5bab6bf0e65c103cda70b51ab39f14a27a35a89e07bd6807aa" kind="enumvalue"><name>HIGH_CURRENT</name></member>
    <member refid="ftdi_8h_1ac40507f049c077d5bab6bf0e65c103cda8ec56c968baf80eae5239dba2616868f" kind="enumvalue"><name>HIGH_CURRENT_A</name></member>
    <member refid="ftdi_8h_1ac40507f049c077d5bab6bf0e65c103cda99f59a21df7285884ce88738d1e97187" kind="enumvalue"><name>HIGH_CURRENT_B</name></member>
    <member refid="ftdi_8h_1ac40507f049c077d5bab6bf0e65c103cdab5f95af56a0f14f0032750594b523c95" kind="enumvalue"><name>INVERT</name></member>
    <member refid="ftdi_8h_1ac40507f049c077d5bab6bf0e65c103cdae603ca8f2ed0811de45a9822fe10e405" kind="enumvalue"><name>GROUP0_DRIVE</name></member>
    <member refid="ftdi_8h_1ac40507f049c077d5bab6bf0e65c103cdaaabac9a535a103060a0b2a972985b2ec" kind="enumvalue"><name>GROUP0_SCHMITT</name></member>
    <member refid="ftdi_8h_1ac40507f049c077d5bab6bf0e65c103cda5e99a23ccf517c4846f1ccbf99539009" kind="enumvalue"><name>GROUP0_SLEW</name></member>
    <member refid="ftdi_8h_1ac40507f049c077d5bab6bf0e65c103cdaf4659c175213672ec8390fef0e846822" kind="enumvalue"><name>GROUP1_DRIVE</name></member>
    <member refid="ftdi_8h_1ac40507f049c077d5bab6bf0e65c103cda01c1da99b72ec3e60ac6800f5baaf469" kind="enumvalue"><name>GROUP1_SCHMITT</name></member>
    <member refid="ftdi_8h_1ac40507f049c077d5bab6bf0e65c103cda8ceab8fc99a4e1ff94c31cf6c8f88028" kind="enumvalue"><name>GROUP1_SLEW</name></member>
    <member refid="ftdi_8h_1ac40507f049c077d5bab6bf0e65c103cda02006a9fb9f6b3272e60382266f27e6f" kind="enumvalue"><name>GROUP2_DRIVE</name></member>
    <member refid="ftdi_8h_1ac40507f049c077d5bab6bf0e65c103cda18987baccc2899292d93b35d953905f1" kind="enumvalue"><name>GROUP2_SCHMITT</name></member>
    <member refid="ftdi_8h_1ac40507f049c077d5bab6bf0e65c103cdabbb8cd7178ae1d655a205c8197f5bbdd" kind="enumvalue"><name>GROUP2_SLEW</name></member>
    <member refid="ftdi_8h_1ac40507f049c077d5bab6bf0e65c103cda954be78df39d339bc94729789f81a03e" kind="enumvalue"><name>GROUP3_DRIVE</name></member>
    <member refid="ftdi_8h_1ac40507f049c077d5bab6bf0e65c103cdaff4e78fe8f024261c763dc3e3dccc717" kind="enumvalue"><name>GROUP3_SCHMITT</name></member>
    <member refid="ftdi_8h_1ac40507f049c077d5bab6bf0e65c103cdae7befb90d908e4035c69dfe8e783e29a" kind="enumvalue"><name>GROUP3_SLEW</name></member>
    <member refid="ftdi_8h_1ac40507f049c077d5bab6bf0e65c103cda381285b7c4454a1f04d43887b55a76b9" kind="enumvalue"><name>CHIP_SIZE</name></member>
    <member refid="ftdi_8h_1ac40507f049c077d5bab6bf0e65c103cdab3160717262b754c6d4895cd9a3daf2e" kind="enumvalue"><name>CHIP_TYPE</name></member>
    <member refid="ftdi_8h_1ac40507f049c077d5bab6bf0e65c103cda412ffca781db3a099f287df487667d19" kind="enumvalue"><name>POWER_SAVE</name></member>
    <member refid="ftdi_8h_1ac40507f049c077d5bab6bf0e65c103cda54b3c39afc0140c234654d1738f0f18c" kind="enumvalue"><name>CLOCK_POLARITY</name></member>
    <member refid="ftdi_8h_1ac40507f049c077d5bab6bf0e65c103cda1ecdc817b75811273206a5dededf4ddb" kind="enumvalue"><name>DATA_ORDER</name></member>
    <member refid="ftdi_8h_1ac40507f049c077d5bab6bf0e65c103cda1bc9ce65b7a27fdf832b69aef487b6b1" kind="enumvalue"><name>FLOW_CONTROL</name></member>
    <member refid="ftdi_8h_1ac40507f049c077d5bab6bf0e65c103cda433b65c4524f72ee39083345b0f15a93" kind="enumvalue"><name>CHANNEL_C_DRIVER</name></member>
    <member refid="ftdi_8h_1ac40507f049c077d5bab6bf0e65c103cda1f94c84fbd97ca5aceceff5303914219" kind="enumvalue"><name>CHANNEL_D_DRIVER</name></member>
    <member refid="ftdi_8h_1ac40507f049c077d5bab6bf0e65c103cdaee98eeb2d224f9b2c7dffc9951766ddf" kind="enumvalue"><name>CHANNEL_A_RS485</name></member>
    <member refid="ftdi_8h_1ac40507f049c077d5bab6bf0e65c103cda0193b368cbac2a9e7212d036532970f8" kind="enumvalue"><name>CHANNEL_B_RS485</name></member>
    <member refid="ftdi_8h_1ac40507f049c077d5bab6bf0e65c103cda2c2c59d298e324f9134e0e0aa7a2b6d2" kind="enumvalue"><name>CHANNEL_C_RS485</name></member>
    <member refid="ftdi_8h_1ac40507f049c077d5bab6bf0e65c103cda7c62d86e2e2dbb3cb0d05ac67eed71e0" kind="enumvalue"><name>CHANNEL_D_RS485</name></member>
    <member refid="ftdi_8h_1ac40507f049c077d5bab6bf0e65c103cdac1dfdc4e5561658108efa12b30335522" kind="enumvalue"><name>RELEASE_NUMBER</name></member>
    <member refid="ftdi_8h_1ac40507f049c077d5bab6bf0e65c103cdaccc308679ba38920de3cd29f850e9a4f" kind="enumvalue"><name>EXTERNAL_OSCILLATOR</name></member>
    <member refid="ftdi_8h_1ac40507f049c077d5bab6bf0e65c103cdae9cd5406df6d1db508985477854edd59" kind="enumvalue"><name>USER_DATA_ADDR</name></member>
    <member refid="ftdi_8h_1acc98362b5a36608559eb3c764164f7b2" kind="enum"><name>ftdi_cbus_func</name></member>
    <member refid="ftdi_8h_1acc98362b5a36608559eb3c764164f7b2a82dad8e9b80ece6a5924b7cccb4825de" kind="enumvalue"><name>CBUS_TXDEN</name></member>
    <member refid="ftdi_8h_1acc98362b5a36608559eb3c764164f7b2a1315b5812fad8f70ec7d1a9b7c30533b" kind="enumvalue"><name>CBUS_PWREN</name></member>
    <member refid="ftdi_8h_1acc98362b5a36608559eb3c764164f7b2a6843d248e73c2282a3f1554afec757ea" kind="enumvalue"><name>CBUS_RXLED</name></member>
    <member refid="ftdi_8h_1acc98362b5a36608559eb3c764164f7b2a0951f6293488ba4fa6cccde4c3acc7dd" kind="enumvalue"><name>CBUS_TXLED</name></member>
    <member refid="ftdi_8h_1acc98362b5a36608559eb3c764164f7b2a83610dcea5b3b76be4a2fe4e9a40c6c2" kind="enumvalue"><name>CBUS_TXRXLED</name></member>
    <member refid="ftdi_8h_1acc98362b5a36608559eb3c764164f7b2a1316ff4aa58d6b250d3a8d1e61d2afef" kind="enumvalue"><name>CBUS_SLEEP</name></member>
    <member refid="ftdi_8h_1acc98362b5a36608559eb3c764164f7b2a298bbca668c6d81376ade6aaf6b3f7e2" kind="enumvalue"><name>CBUS_CLK48</name></member>
    <member refid="ftdi_8h_1acc98362b5a36608559eb3c764164f7b2ae417cee67f4e90a8f2ee112bb605c6cd" kind="enumvalue"><name>CBUS_CLK24</name></member>
    <member refid="ftdi_8h_1acc98362b5a36608559eb3c764164f7b2aee77f7d48e48d05d6d4bb73df2e36426" kind="enumvalue"><name>CBUS_CLK12</name></member>
    <member refid="ftdi_8h_1acc98362b5a36608559eb3c764164f7b2ae8a6b1ed842c6c54b8251e2579a3fd98" kind="enumvalue"><name>CBUS_CLK6</name></member>
    <member refid="ftdi_8h_1acc98362b5a36608559eb3c764164f7b2af56d3832f13290a47e6fbae86d8ca631" kind="enumvalue"><name>CBUS_IOMODE</name></member>
    <member refid="ftdi_8h_1acc98362b5a36608559eb3c764164f7b2a6b0b6fd785bca7c463aae1e64c1e6607" kind="enumvalue"><name>CBUS_BB_WR</name></member>
    <member refid="ftdi_8h_1acc98362b5a36608559eb3c764164f7b2accc54b06a7b1ded4e51b494b618e8df8" kind="enumvalue"><name>CBUS_BB_RD</name></member>
    <member refid="ftdi_8h_1a5b83df6ac73aeb8f0126ebe2efcebfc2" kind="enum"><name>ftdi_cbush_func</name></member>
    <member refid="ftdi_8h_1a5b83df6ac73aeb8f0126ebe2efcebfc2a7be26ae2dd9dfea0b5fa42cdc394fabc" kind="enumvalue"><name>CBUSH_TRISTATE</name></member>
    <member refid="ftdi_8h_1a5b83df6ac73aeb8f0126ebe2efcebfc2a5a487c6e8e5ade8c688ce5498c8a1711" kind="enumvalue"><name>CBUSH_TXLED</name></member>
    <member refid="ftdi_8h_1a5b83df6ac73aeb8f0126ebe2efcebfc2a45c5eec628b1447ae64a1ddf94a3ad23" kind="enumvalue"><name>CBUSH_RXLED</name></member>
    <member refid="ftdi_8h_1a5b83df6ac73aeb8f0126ebe2efcebfc2a455f736a0fde4cd77a7444b7cabb2bb4" kind="enumvalue"><name>CBUSH_TXRXLED</name></member>
    <member refid="ftdi_8h_1a5b83df6ac73aeb8f0126ebe2efcebfc2a2700a17f24c6d87637b2039b525b4ad5" kind="enumvalue"><name>CBUSH_PWREN</name></member>
    <member refid="ftdi_8h_1a5b83df6ac73aeb8f0126ebe2efcebfc2a28d82f35c049e4acfa04f3fe0bec95dc" kind="enumvalue"><name>CBUSH_SLEEP</name></member>
    <member refid="ftdi_8h_1a5b83df6ac73aeb8f0126ebe2efcebfc2ab770bc99b7a1137575912e50965d66b4" kind="enumvalue"><name>CBUSH_DRIVE_0</name></member>
    <member refid="ftdi_8h_1a5b83df6ac73aeb8f0126ebe2efcebfc2a14598d15233de372f74d57cfb692cd06" kind="enumvalue"><name>CBUSH_DRIVE1</name></member>
    <member refid="ftdi_8h_1a5b83df6ac73aeb8f0126ebe2efcebfc2aa63a6e52bbd86142e2edc653fd9d7321" kind="enumvalue"><name>CBUSH_IOMODE</name></member>
    <member refid="ftdi_8h_1a5b83df6ac73aeb8f0126ebe2efcebfc2ae5fbc0efd058c2b980b1ce8e2cc0cac8" kind="enumvalue"><name>CBUSH_TXDEN</name></member>
    <member refid="ftdi_8h_1a5b83df6ac73aeb8f0126ebe2efcebfc2ad1f81557e6eb0248247a28842a26110f" kind="enumvalue"><name>CBUSH_CLK30</name></member>
    <member refid="ftdi_8h_1a5b83df6ac73aeb8f0126ebe2efcebfc2a2d20e6dfee7869082f64ecc526c88483" kind="enumvalue"><name>CBUSH_CLK15</name></member>
    <member refid="ftdi_8h_1a5b83df6ac73aeb8f0126ebe2efcebfc2a2d2d141e7e78469b4aff505263231a87" kind="enumvalue"><name>CBUSH_CLK7_5</name></member>
    <member refid="ftdi_8h_1ab5c2f60ccc624e57c35b15d76c28932e" kind="enum"><name>ftdi_cbusx_func</name></member>
    <member refid="ftdi_8h_1ab5c2f60ccc624e57c35b15d76c28932ea5be42402fa3af405519659eb4064922e" kind="enumvalue"><name>CBUSX_TRISTATE</name></member>
    <member refid="ftdi_8h_1ab5c2f60ccc624e57c35b15d76c28932eae65e482facabef6778dd46f297b6ab95" kind="enumvalue"><name>CBUSX_TXLED</name></member>
    <member refid="ftdi_8h_1ab5c2f60ccc624e57c35b15d76c28932ead818a8e6e82b9810b23c692d2ea23933" kind="enumvalue"><name>CBUSX_RXLED</name></member>
    <member refid="ftdi_8h_1ab5c2f60ccc624e57c35b15d76c28932eaec0cc2a670fa3c647fae4dbbb363cab3" kind="enumvalue"><name>CBUSX_TXRXLED</name></member>
    <member refid="ftdi_8h_1ab5c2f60ccc624e57c35b15d76c28932ea011b41275a2a9372ee7faa8d8e0618b4" kind="enumvalue"><name>CBUSX_PWREN</name></member>
    <member refid="ftdi_8h_1ab5c2f60ccc624e57c35b15d76c28932ea87b14b9277b8d5b87fc3f2c9682856ad" kind="enumvalue"><name>CBUSX_SLEEP</name></member>
    <member refid="ftdi_8h_1ab5c2f60ccc624e57c35b15d76c28932ea805283458a2c03e8ec3aac03df27222b" kind="enumvalue"><name>CBUSX_DRIVE_0</name></member>
    <member refid="ftdi_8h_1ab5c2f60ccc624e57c35b15d76c28932ea5966f6d5ceeee1ad98639e8d56d0ad35" kind="enumvalue"><name>CBUSX_DRIVE1</name></member>
    <member refid="ftdi_8h_1ab5c2f60ccc624e57c35b15d76c28932ea2a3906b5f5b7b8b021278f0e11fae188" kind="enumvalue"><name>CBUSX_IOMODE</name></member>
    <member refid="ftdi_8h_1ab5c2f60ccc624e57c35b15d76c28932ea31ee4aee7bd56e07a7e098f7f3270fa3" kind="enumvalue"><name>CBUSX_TXDEN</name></member>
    <member refid="ftdi_8h_1ab5c2f60ccc624e57c35b15d76c28932eac0557d3788f7d9492448618db1a53dc8" kind="enumvalue"><name>CBUSX_CLK24</name></member>
    <member refid="ftdi_8h_1ab5c2f60ccc624e57c35b15d76c28932eaef5536254e971dbf8a141850137f78a2" kind="enumvalue"><name>CBUSX_CLK12</name></member>
    <member refid="ftdi_8h_1ab5c2f60ccc624e57c35b15d76c28932ea8e7c81a4fa1d5cc4146de85c4ca5507c" kind="enumvalue"><name>CBUSX_CLK6</name></member>
    <member refid="ftdi_8h_1ab5c2f60ccc624e57c35b15d76c28932eae29a433e303863ee0f6d01c1f1fd974a" kind="enumvalue"><name>CBUSX_BAT_DETECT</name></member>
    <member refid="ftdi_8h_1ab5c2f60ccc624e57c35b15d76c28932eae39807356d282d7c5986f0f23c03cc2d" kind="enumvalue"><name>CBUSX_BAT_DETECT_NEG</name></member>
    <member refid="ftdi_8h_1ab5c2f60ccc624e57c35b15d76c28932eaf7a5f932c3e978acb1736f7675f10f92" kind="enumvalue"><name>CBUSX_I2C_TXE</name></member>
    <member refid="ftdi_8h_1ab5c2f60ccc624e57c35b15d76c28932ea74f192beefd41b8ba1e9b11181a3894e" kind="enumvalue"><name>CBUSX_I2C_RXF</name></member>
    <member refid="ftdi_8h_1ab5c2f60ccc624e57c35b15d76c28932eaab6e0f8cbadefc91e2a2d7700eed0bd6" kind="enumvalue"><name>CBUSX_VBUS_SENSE</name></member>
    <member refid="ftdi_8h_1ab5c2f60ccc624e57c35b15d76c28932ea55c4d4ccd945fe88b04b78bc6cbc728b" kind="enumvalue"><name>CBUSX_BB_WR</name></member>
    <member refid="ftdi_8h_1ab5c2f60ccc624e57c35b15d76c28932ea935ad59787cbe04d81c03a8a35683c48" kind="enumvalue"><name>CBUSX_BB_RD</name></member>
    <member refid="ftdi_8h_1ab5c2f60ccc624e57c35b15d76c28932ea5e8fdaee0f45f2e4bbfce99d324704e1" kind="enumvalue"><name>CBUSX_TIME_STAMP</name></member>
    <member refid="ftdi_8h_1ab5c2f60ccc624e57c35b15d76c28932ea562e58741116928d8944588eac063e23" kind="enumvalue"><name>CBUSX_AWAKE</name></member>
    <member refid="ftdi_8h_1a8d8469de6b43d15f3824d73dd62a8a06" kind="typedef"><name>FTDIStreamCallback</name></member>
    <member refid="ftdi_8h_1a21e2ed53cad4fa8242022afe1e12d2ee" kind="function"><name>ftdi_init</name></member>
    <member refid="ftdi_8h_1afd46c6784367fd95c5f852d3b38949a8" kind="function"><name>ftdi_new</name></member>
    <member refid="ftdi_8h_1a6dc886d709eced377a33dc975fa6e771" kind="function"><name>ftdi_set_interface</name></member>
    <member refid="ftdi_8h_1a72838200be98d88737d532f9eee1e7be" kind="function"><name>ftdi_deinit</name></member>
    <member refid="ftdi_8h_1a3cc28e5b7f1f50246861fcb39e7dd291" kind="function"><name>ftdi_free</name></member>
    <member refid="ftdi_8h_1ae4ddaa93c58d2373f1a612d292591c3c" kind="function"><name>ftdi_set_usbdev</name></member>
    <member refid="ftdi_8h_1af4b4d11e33d946568efc64851ee8c7e5" kind="function"><name>ftdi_get_library_version</name></member>
    <member refid="ftdi_8h_1a2845a0c63809747c9c7b1ea404453bc4" kind="function"><name>ftdi_usb_find_all</name></member>
    <member refid="ftdi_8h_1a35358ea578644aa309300db782415c9f" kind="function"><name>ftdi_list_free</name></member>
    <member refid="ftdi_8h_1aa4838bebb2024ae9bfdcc81adbda3493" kind="function"><name>ftdi_list_free2</name></member>
    <member refid="ftdi_8h_1a17e8eae09e58bd3bfeeab8decfce7fd9" kind="function"><name>ftdi_usb_get_strings</name></member>
    <member refid="ftdi_8h_1ad2de9ec013131d1a49038cb3c28c6415" kind="function"><name>ftdi_usb_get_strings2</name></member>
    <member refid="ftdi_8h_1aefc3d12f7421030c63ad77b9af1d4a83" kind="function"><name>ftdi_eeprom_get_strings</name></member>
    <member refid="ftdi_8h_1a64de7f0529572f56c9aa27d3e79ad7e6" kind="function"><name>ftdi_eeprom_set_strings</name></member>
    <member refid="ftdi_8h_1a95d4689db18fc1fd70011f6504ab8c40" kind="function"><name>ftdi_usb_open</name></member>
    <member refid="ftdi_8h_1a93c2c5f546f5968ae497c099d319ff32" kind="function"><name>ftdi_usb_open_desc</name></member>
    <member refid="ftdi_8h_1a3c5ccb0678b0e268b4081ea978e8eb78" kind="function"><name>ftdi_usb_open_desc_index</name></member>
    <member refid="ftdi_8h_1aac0c0e390c351db64bd42a86cb9d8d31" kind="function"><name>ftdi_usb_open_bus_addr</name></member>
    <member refid="ftdi_8h_1a63e62ebae2c3d45d9bacd81e81a09081" kind="function"><name>ftdi_usb_open_dev</name></member>
    <member refid="ftdi_8h_1aae805b82251a61dae46b98345cd84d5c" kind="function"><name>ftdi_usb_open_string</name></member>
    <member refid="ftdi_8h_1a9536eff48c7ae9313b2a97320743ee3b" kind="function"><name>ftdi_usb_close</name></member>
    <member refid="ftdi_8h_1a266ccc351ea31289022063a8ae29edf4" kind="function"><name>ftdi_usb_reset</name></member>
    <member refid="ftdi_8h_1a36d3547ade83501428e9da52d9debedb" kind="function"><name>ftdi_tciflush</name></member>
    <member refid="ftdi_8h_1ab7be67a70d0791643dc08a920d6f4668" kind="function"><name>ftdi_tcoflush</name></member>
    <member refid="ftdi_8h_1aeca5f2979d57490be0f3646fb4f3116a" kind="function"><name>ftdi_tcioflush</name></member>
    <member refid="ftdi_8h_1aafcdf5057acc520752ffe6fbd396430a" kind="function"><name>DEPRECATED</name></member>
    <member refid="ftdi_8h_1a332d9478bbe2c6deeb3504c0335c7908" kind="function"><name>DEPRECATED</name></member>
    <member refid="ftdi_8h_1a527e8e49db35e1391e8e4721d1fbdebc" kind="function"><name>DEPRECATED</name></member>
    <member refid="ftdi_8h_1ae80f1dc38f5c80946a56ec34a329e7f5" kind="function"><name>ftdi_set_baudrate</name></member>
    <member refid="ftdi_8h_1a044fdde91eaa3f557b545172622ee460" kind="function"><name>ftdi_set_line_property</name></member>
    <member refid="ftdi_8h_1a481d055a35dd9042c1c23e2214d2655c" kind="function"><name>ftdi_set_line_property2</name></member>
    <member refid="ftdi_8h_1a72d87e30015c98bd0be22e7c8c873345" kind="function"><name>ftdi_read_data</name></member>
    <member refid="ftdi_8h_1a65783703baf0828d519ef597bb2855c1" kind="function"><name>ftdi_read_data_set_chunksize</name></member>
    <member refid="ftdi_8h_1ab42b05f26b6a6545ae3ae1b4edc28e5c" kind="function"><name>ftdi_read_data_get_chunksize</name></member>
    <member refid="ftdi_8h_1a01199788c36ba93352f155a79ea295e8" kind="function"><name>ftdi_write_data</name></member>
    <member refid="ftdi_8h_1a85e22717c3315a09219b03a1862c0c46" kind="function"><name>ftdi_write_data_set_chunksize</name></member>
    <member refid="ftdi_8h_1a5944f14ffd11faa113515ff29dc769ed" kind="function"><name>ftdi_write_data_get_chunksize</name></member>
    <member refid="ftdi_8h_1abffdbbc8e303b2e4e85551734682a0b4" kind="function"><name>ftdi_readstream</name></member>
    <member refid="ftdi_8h_1a90c2133a195fc7ebf229205c2755fc67" kind="function"><name>ftdi_write_data_submit</name></member>
    <member refid="ftdi_8h_1ab4dd69a3332c544dfdcbf4da85bd8801" kind="function"><name>ftdi_read_data_submit</name></member>
    <member refid="ftdi_8h_1af580b6263d15746d1f5d3759f9c3ac02" kind="function"><name>ftdi_transfer_data_done</name></member>
    <member refid="ftdi_8h_1accb36ed9571b5a1955479d50b2e1d91e" kind="function"><name>ftdi_transfer_data_cancel</name></member>
    <member refid="ftdi_8h_1a83b41e900a1faf2ecc0546ce48ec7e70" kind="function"><name>ftdi_set_bitmode</name></member>
    <member refid="ftdi_8h_1a42b4776b91c6b14d2d1008b160b78efa" kind="function"><name>ftdi_disable_bitbang</name></member>
    <member refid="ftdi_8h_1ab823dd90f2359612b1546ef0ceebdc0e" kind="function"><name>ftdi_read_pins</name></member>
    <member refid="ftdi_8h_1a3e0227b0c7aa859d2d2afb5ffa4c8466" kind="function"><name>ftdi_set_latency_timer</name></member>
    <member refid="ftdi_8h_1acf7b6dcc4de33db2263ce8a421e18bfc" kind="function"><name>ftdi_get_latency_timer</name></member>
    <member refid="ftdi_8h_1a396c3bf1435fb3317755868e28c47414" kind="function"><name>ftdi_poll_modem_status</name></member>
    <member refid="ftdi_8h_1ac3b3d2cc69edf567e653340f434c91e0" kind="function"><name>ftdi_setflowctrl</name></member>
    <member refid="ftdi_8h_1adb73a6a59c454502fb98a1239814bfb2" kind="function"><name>ftdi_setflowctrl_xonxoff</name></member>
    <member refid="ftdi_8h_1a5a8f23c2e77c8b58c1f44a11e2f52aa9" kind="function"><name>ftdi_setdtr_rts</name></member>
    <member refid="ftdi_8h_1a47761f16762363288c55f5fff24620d5" kind="function"><name>ftdi_setdtr</name></member>
    <member refid="ftdi_8h_1a5713ba73288b3e1ac1d45096c917c1ab" kind="function"><name>ftdi_setrts</name></member>
    <member refid="ftdi_8h_1a71eeabe2ee5474d5c0ceddc2e08766cd" kind="function"><name>ftdi_set_event_char</name></member>
    <member refid="ftdi_8h_1aeb9510a61f6648eb1bd57f0f99a390e1" kind="function"><name>ftdi_set_error_char</name></member>
    <member refid="ftdi_8h_1a0b04717765deb6706482a3f3124c0b4a" kind="function"><name>ftdi_eeprom_initdefaults</name></member>
    <member refid="ftdi_8h_1accf7f39923b4a9bbc626cca9f7ac40b1" kind="function"><name>ftdi_eeprom_build</name></member>
    <member refid="ftdi_8h_1ac91c95ae42ec1ba885dc54f39709c072" kind="function"><name>ftdi_eeprom_decode</name></member>
    <member refid="ftdi_8h_1a6213209895e40153d103a72654d53b81" kind="function"><name>ftdi_get_eeprom_value</name></member>
    <member refid="ftdi_8h_1a8e120f60f65859c1976c2dba99e9d002" kind="function"><name>ftdi_set_eeprom_value</name></member>
    <member refid="ftdi_8h_1a92a449af4a1becc70e80e49f3c937bbd" kind="function"><name>ftdi_get_eeprom_buf</name></member>
    <member refid="ftdi_8h_1aad29bea74f6ae02ed757d2a39c060969" kind="function"><name>ftdi_set_eeprom_buf</name></member>
    <member refid="ftdi_8h_1a1af4ea94a0cbe4d4b6364675eee0b4ef" kind="function"><name>ftdi_set_eeprom_user_data</name></member>
    <member refid="ftdi_8h_1ac157786fdf2e9c6b51dd9b4ddbb34d5f" kind="function"><name>ftdi_read_eeprom</name></member>
    <member refid="ftdi_8h_1ab978a76c2cc0dbfbc1fd6350db848300" kind="function"><name>ftdi_read_chipid</name></member>
    <member refid="ftdi_8h_1a8cc9811660d1adfb4b30157c5ab26d5a" kind="function"><name>ftdi_write_eeprom</name></member>
    <member refid="ftdi_8h_1a25eb9a83a925065b6c3b61b8f0565951" kind="function"><name>ftdi_erase_eeprom</name></member>
    <member refid="ftdi_8h_1a650df1dc49ec78f0ee58b1c4f2644fd9" kind="function"><name>ftdi_read_eeprom_location</name></member>
    <member refid="ftdi_8h_1a5f2f678fc05cb8f92708fb1e5eb75100" kind="function"><name>ftdi_write_eeprom_location</name></member>
    <member refid="ftdi_8h_1a59bd8b3e806348db5e96f582e0fe10b8" kind="function"><name>ftdi_get_error_string</name></member>
  </compound>
  <compound refid="ftdi_8hpp" kind="file"><name>ftdi.hpp</name>
  </compound>
  <compound refid="ftdi__i_8h" kind="file"><name>ftdi_i.h</name>
    <member refid="ftdi__i_8h_1a0c61fd6cfc8b3ec904d270a7980e8f37" kind="define"><name>FTDI_MAX_EEPROM_SIZE</name></member>
    <member refid="ftdi__i_8h_1ad4d084064eecf35f2bcaeae257f9d517" kind="define"><name>MAX_POWER_MILLIAMP_PER_UNIT</name></member>
  </compound>
  <compound refid="ftdi__stream_8c" kind="file"><name>ftdi_stream.c</name>
    <member refid="ftdi__stream_8c_1aa61c68294fe4060ed44602c492bd2f95" kind="function"><name>ftdi_readstream_cb</name></member>
    <member refid="ftdi__stream_8c_1ae32766212b0bee6078d58a29037d4c68" kind="function"><name>TimevalDiff</name></member>
    <member refid="ftdi__stream_8c_1abffdbbc8e303b2e4e85551734682a0b4" kind="function"><name>ftdi_readstream</name></member>
  </compound>
  <compound refid="group__libftdi" kind="group"><name>libftdi</name>
  </compound>
  <compound refid="deprecated" kind="page"><name>deprecated</name>
  </compound>
  <compound refid="dir_8430b92e4aad3795673cc6eabae5ece3" kind="dir"><name>ftdipp</name>
  </compound>
  <compound refid="dir_68267d1309a1af8e8297ef4c3efbcdba" kind="dir"><name>src</name>
  </compound>
  <compound refid="indexpage" kind="page"><name>index</name>
  </compound>
</doxygenindex>
