<?xml version='1.0' encoding='UTF-8' standalone='no'?>
<doxygen xmlns:xsi="http://www.w3.org/2001/XMLSchema-instance" xsi:noNamespaceSchemaLocation="compound.xsd" version="1.8.18">
  <compounddef id="src_2CMakeLists_8txt" kind="file" language="C++">
    <compoundname>src/CMakeLists.txt</compoundname>
      <sectiondef kind="func">
      <memberdef kind="function" id="src_2CMakeLists_8txt_1afac990d23b1af7e1169bed5cf938b440" prot="public" static="no" const="no" explicit="no" inline="no" virt="non-virtual">
        <type></type>
        <definition>include_directories</definition>
        <argsstring>(BEFORE ${CMAKE_CURRENT_BINARY_DIR} ${CMAKE_CURRENT_SOURCE_DIR}) set(SNAPSHOT_VERSION &quot;unknown&quot;) execute_process(COMMAND git describe OUTPUT_VARIABLE GIT_DESCRIBE_OUTPUT RESULT_VARIABLE GIT_DESCRIBE_RESULT OUTPUT_STRIP_TRAILING_WHITESPACE) if($</argsstring>
        <name>include_directories</name>
        <param>
          <type>BEFORE ${CMAKE_CURRENT_BINARY_DIR} ${CMAKE_CURRENT_SOURCE_DIR}</type>
        </param>
        <briefdescription>
        </briefdescription>
        <detaileddescription>
        </detaileddescription>
        <inbodydescription>
        </inbodydescription>
        <location file="C:/work/libftdi/libftdi1-1.5/src/CMakeLists.txt" line="2" column="1" bodyfile="C:/work/libftdi/libftdi1-1.5/src/CMakeLists.txt" bodystart="2" bodyend="13"/>
      </memberdef>
      <memberdef kind="function" id="src_2CMakeLists_8txt_1ac1a4596dcfceefb11b12783282322cb5" prot="public" static="no" const="no" explicit="no" inline="no" virt="non-virtual">
        <type>STREQUAL</type>
        <definition>STREQUAL set</definition>
        <argsstring>(SNAPSHOT_VERSION ${GIT_DESCRIBE_OUTPUT}) endif() message(STATUS &quot;Detected git snapshot version</argsstring>
        <name>set</name>
        <param>
          <type>SNAPSHOT_VERSION ${GIT_DESCRIBE_OUTPUT}</type>
        </param>
        <briefdescription>
        </briefdescription>
        <detaileddescription>
        </detaileddescription>
        <inbodydescription>
        </inbodydescription>
        <location file="C:/work/libftdi/libftdi1-1.5/src/CMakeLists.txt" line="14" column="3" bodyfile="C:/work/libftdi/libftdi1-1.5/src/CMakeLists.txt" bodystart="14" bodyend="16"/>
      </memberdef>
      <memberdef kind="function" id="src_2CMakeLists_8txt_1a71149456fc3bdebe3862541d1f8285a9" prot="public" static="no" const="no" explicit="no" inline="no" virt="non-virtual">
        <type></type>
        <definition>configure_file</definition>
        <argsstring>(ftdi_version_i.h.in &quot;${CMAKE_CURRENT_BINARY_DIR}/ftdi_version_i.h&quot; @ONLY) set(c_sources $</argsstring>
        <name>configure_file</name>
        <param>
          <type>ftdi_version_i.h.in &quot;${CMAKE_CURRENT_BINARY_DIR}/ftdi_version_i.h&quot; @</type>
          <declname>ONLY</declname>
        </param>
        <briefdescription>
        </briefdescription>
        <detaileddescription>
        </detaileddescription>
        <inbodydescription>
        </inbodydescription>
        <location file="C:/work/libftdi/libftdi1-1.5/src/CMakeLists.txt" line="18" column="1" bodyfile="C:/work/libftdi/libftdi1-1.5/src/CMakeLists.txt" bodystart="18" bodyend="21"/>
      </memberdef>
      </sectiondef>
    <briefdescription>
    </briefdescription>
    <detaileddescription>
    </detaileddescription>
    <programlisting>
<codeline lineno="1"><highlight class="preprocessor">#<sp/>Includes</highlight><highlight class="normal"></highlight></codeline>
<codeline lineno="2" refid="src_2CMakeLists_8txt_1afac990d23b1af7e1169bed5cf938b440" refkind="member"><highlight class="normal"><ref refid="src_2CMakeLists_8txt_1afac990d23b1af7e1169bed5cf938b440" kindref="member">include_directories</ref>(BEFORE<sp/>${CMAKE_CURRENT_BINARY_DIR}</highlight></codeline>
<codeline lineno="3"><highlight class="normal"><sp/><sp/><sp/><sp/><sp/><sp/><sp/><sp/><sp/><sp/><sp/><sp/><sp/><sp/><sp/><sp/><sp/><sp/><sp/><sp/><sp/>${CMAKE_CURRENT_SOURCE_DIR}</highlight></codeline>
<codeline lineno="4"><highlight class="normal"><sp/><sp/><sp/><sp/><sp/><sp/><sp/><sp/><sp/><sp/><sp/><sp/><sp/><sp/><sp/><sp/><sp/><sp/><sp/><sp/><sp/>)</highlight></codeline>
<codeline lineno="5"><highlight class="normal"></highlight></codeline>
<codeline lineno="6"><highlight class="normal">#<sp/>Version<sp/>information</highlight></codeline>
<codeline lineno="7"><highlight class="normal"><ref refid="src_2CMakeLists_8txt_1ac1a4596dcfceefb11b12783282322cb5" kindref="member">set</ref>(SNAPSHOT_VERSION<sp/></highlight><highlight class="stringliteral">&quot;unknown&quot;</highlight><highlight class="normal">)</highlight></codeline>
<codeline lineno="8"><highlight class="normal">execute_process(COMMAND<sp/>git<sp/>describe</highlight></codeline>
<codeline lineno="9"><highlight class="normal"><sp/><sp/><sp/><sp/><sp/><sp/><sp/><sp/><sp/><sp/><sp/><sp/><sp/><sp/><sp/><sp/>OUTPUT_VARIABLE<sp/>GIT_DESCRIBE_OUTPUT</highlight></codeline>
<codeline lineno="10"><highlight class="normal"><sp/><sp/><sp/><sp/><sp/><sp/><sp/><sp/><sp/><sp/><sp/><sp/><sp/><sp/><sp/><sp/>RESULT_VARIABLE<sp/>GIT_DESCRIBE_RESULT</highlight></codeline>
<codeline lineno="11"><highlight class="normal"><sp/><sp/><sp/><sp/><sp/><sp/><sp/><sp/><sp/><sp/><sp/><sp/><sp/><sp/><sp/><sp/>OUTPUT_STRIP_TRAILING_WHITESPACE</highlight></codeline>
<codeline lineno="12"><highlight class="normal"><sp/><sp/><sp/><sp/><sp/><sp/><sp/><sp/><sp/><sp/><sp/><sp/><sp/><sp/><sp/><sp/>)</highlight></codeline>
<codeline lineno="13"><highlight class="normal"></highlight><highlight class="keywordflow">if</highlight><highlight class="normal">(${GIT_DESCRIBE_RESULT}<sp/>STREQUAL<sp/>0)</highlight></codeline>
<codeline lineno="14" refid="src_2CMakeLists_8txt_1ac1a4596dcfceefb11b12783282322cb5" refkind="member"><highlight class="normal"><sp/><sp/><ref refid="src_2CMakeLists_8txt_1ac1a4596dcfceefb11b12783282322cb5" kindref="member">set</ref>(SNAPSHOT_VERSION<sp/>${GIT_DESCRIBE_OUTPUT})</highlight></codeline>
<codeline lineno="15"><highlight class="normal">endif<sp/>()</highlight></codeline>
<codeline lineno="16"><highlight class="normal">message(STATUS<sp/></highlight><highlight class="stringliteral">&quot;Detected<sp/>git<sp/>snapshot<sp/>version:<sp/>${SNAPSHOT_VERSION}&quot;</highlight><highlight class="normal">)</highlight></codeline>
<codeline lineno="17"><highlight class="normal"></highlight></codeline>
<codeline lineno="18" refid="src_2CMakeLists_8txt_1a71149456fc3bdebe3862541d1f8285a9" refkind="member"><highlight class="normal"><ref refid="src_2CMakeLists_8txt_1a71149456fc3bdebe3862541d1f8285a9" kindref="member">configure_file</ref>(ftdi_version_i.h.in<sp/>&quot;${CMAKE_CURRENT_BINARY_DIR}/ftdi_version_i.h</highlight><highlight class="stringliteral">&quot;<sp/>@ONLY)</highlight></codeline>
<codeline lineno="19"><highlight class="stringliteral"></highlight></codeline>
<codeline lineno="20"><highlight class="stringliteral">#<sp/>Targets</highlight></codeline>
<codeline lineno="21"><highlight class="stringliteral">set(c_sources<sp/><sp/><sp/><sp/><sp/>${CMAKE_CURRENT_SOURCE_DIR}/ftdi.c<sp/>${CMAKE_CURRENT_SOURCE_DIR}/ftdi_stream.c<sp/>CACHE<sp/>INTERNAL<sp/>&quot;</highlight><highlight class="normal">List<sp/>of<sp/>c<sp/>sources</highlight><highlight class="stringliteral">&quot;<sp/>)</highlight></codeline>
<codeline lineno="22"><highlight class="stringliteral">set(c_headers<sp/><sp/><sp/><sp/><sp/>${CMAKE_CURRENT_SOURCE_DIR}/ftdi.h<sp/>CACHE<sp/>INTERNAL<sp/>&quot;</highlight><highlight class="normal">List<sp/>of<sp/>c<sp/>headers</highlight><highlight class="stringliteral">&quot;<sp/>)</highlight></codeline>
<codeline lineno="23"><highlight class="stringliteral"></highlight></codeline>
<codeline lineno="24"><highlight class="stringliteral">add_library(ftdi1<sp/>SHARED<sp/>${c_sources})</highlight></codeline>
<codeline lineno="25"><highlight class="stringliteral"></highlight></codeline>
<codeline lineno="26"><highlight class="stringliteral">math(EXPR<sp/>VERSION_FIXUP<sp/>&quot;</highlight><highlight class="normal">${MAJOR_VERSION}<sp/>+<sp/>1</highlight><highlight class="stringliteral">&quot;)<sp/><sp/><sp/><sp/>#<sp/>Compatibility<sp/>with<sp/>previous<sp/>releases</highlight></codeline>
<codeline lineno="27"><highlight class="stringliteral">set_target_properties(ftdi1<sp/>PROPERTIES<sp/>VERSION<sp/>${VERSION_FIXUP}.${MINOR_VERSION}.0<sp/>SOVERSION<sp/>2)</highlight></codeline>
<codeline lineno="28"><highlight class="stringliteral">#<sp/>Prevent<sp/>clobbering<sp/>each<sp/>other<sp/>during<sp/>the<sp/>build</highlight></codeline>
<codeline lineno="29"><highlight class="stringliteral">set_target_properties<sp/>(<sp/>ftdi1<sp/>PROPERTIES<sp/>CLEAN_DIRECT_OUTPUT<sp/>1<sp/>)</highlight></codeline>
<codeline lineno="30"><highlight class="stringliteral"></highlight></codeline>
<codeline lineno="31"><highlight class="stringliteral"></highlight></codeline>
<codeline lineno="32"><highlight class="stringliteral">#<sp/>Dependencies</highlight></codeline>
<codeline lineno="33"><highlight class="stringliteral">target_link_libraries(ftdi1<sp/>${LIBUSB_LIBRARIES})</highlight></codeline>
<codeline lineno="34"><highlight class="stringliteral"></highlight></codeline>
<codeline lineno="35"><highlight class="stringliteral">install<sp/>(<sp/>TARGETS<sp/>ftdi1</highlight></codeline>
<codeline lineno="36"><highlight class="stringliteral"><sp/><sp/><sp/><sp/><sp/><sp/><sp/><sp/><sp/><sp/>RUNTIME<sp/>DESTINATION<sp/>bin</highlight></codeline>
<codeline lineno="37"><highlight class="stringliteral"><sp/><sp/><sp/><sp/><sp/><sp/><sp/><sp/><sp/><sp/>LIBRARY<sp/>DESTINATION<sp/>lib${LIB_SUFFIX}</highlight></codeline>
<codeline lineno="38"><highlight class="stringliteral"><sp/><sp/><sp/><sp/><sp/><sp/><sp/><sp/><sp/><sp/>ARCHIVE<sp/>DESTINATION<sp/>lib${LIB_SUFFIX}</highlight></codeline>
<codeline lineno="39"><highlight class="stringliteral"><sp/><sp/><sp/><sp/><sp/><sp/><sp/><sp/>)</highlight></codeline>
<codeline lineno="40"><highlight class="stringliteral"></highlight></codeline>
<codeline lineno="41"><highlight class="stringliteral">if<sp/>(<sp/>STATICLIBS<sp/>)</highlight></codeline>
<codeline lineno="42"><highlight class="stringliteral"><sp/><sp/>add_library(ftdi1-static<sp/>STATIC<sp/>${c_sources})</highlight></codeline>
<codeline lineno="43"><highlight class="stringliteral"><sp/><sp/>target_link_libraries(ftdi1-static<sp/>${LIBUSB_LIBRARIES})</highlight></codeline>
<codeline lineno="44"><highlight class="stringliteral"><sp/><sp/>set_target_properties(ftdi1-static<sp/>PROPERTIES<sp/>OUTPUT_NAME<sp/>&quot;</highlight><highlight class="normal">ftdi1</highlight><highlight class="stringliteral">&quot;)</highlight></codeline>
<codeline lineno="45"><highlight class="stringliteral"><sp/><sp/>set_target_properties(ftdi1-static<sp/>PROPERTIES<sp/>CLEAN_DIRECT_OUTPUT<sp/>1)</highlight></codeline>
<codeline lineno="46"><highlight class="stringliteral"><sp/><sp/>install<sp/>(<sp/>TARGETS<sp/>ftdi1-static</highlight></codeline>
<codeline lineno="47"><highlight class="stringliteral"><sp/><sp/><sp/><sp/><sp/><sp/><sp/><sp/><sp/><sp/><sp/><sp/>ARCHIVE<sp/>DESTINATION<sp/>lib${LIB_SUFFIX}</highlight></codeline>
<codeline lineno="48"><highlight class="stringliteral"><sp/><sp/><sp/><sp/><sp/><sp/><sp/><sp/><sp/><sp/><sp/><sp/>COMPONENT<sp/>staticlibs</highlight></codeline>
<codeline lineno="49"><highlight class="stringliteral"><sp/><sp/><sp/><sp/><sp/><sp/><sp/><sp/><sp/><sp/>)</highlight></codeline>
<codeline lineno="50"><highlight class="stringliteral">endif<sp/>()</highlight></codeline>
<codeline lineno="51"><highlight class="stringliteral"></highlight></codeline>
<codeline lineno="52"><highlight class="stringliteral">install<sp/>(<sp/>FILES<sp/>${c_headers}</highlight></codeline>
<codeline lineno="53"><highlight class="stringliteral"><sp/><sp/><sp/><sp/><sp/><sp/><sp/><sp/><sp/><sp/>DESTINATION<sp/>include/${PROJECT_NAME}</highlight></codeline>
<codeline lineno="54"><highlight class="stringliteral"><sp/><sp/><sp/><sp/><sp/><sp/><sp/><sp/><sp/><sp/>COMPONENT<sp/>headers</highlight></codeline>
<codeline lineno="55"><highlight class="stringliteral"><sp/><sp/><sp/><sp/><sp/><sp/><sp/><sp/>)</highlight></codeline>
    </programlisting>
    <location file="C:/work/libftdi/libftdi1-1.5/src/CMakeLists.txt"/>
  </compounddef>
</doxygen>
