<?xml version='1.0' encoding='UTF-8' standalone='no'?>
<doxygen xmlns:xsi="http://www.w3.org/2001/XMLSchema-instance" xsi:noNamespaceSchemaLocation="compound.xsd" version="1.8.18">
  <compounddef id="structftdi__context" kind="struct" language="C++" prot="public">
    <compoundname>ftdi_context</compoundname>
    <includes refid="ftdi_8h" local="no">ftdi.h</includes>
      <sectiondef kind="public-attrib">
      <memberdef kind="variable" id="structftdi__context_1a05bd064e6608ee91b641eff379455e9f" prot="public" static="no" mutable="no">
        <type>struct libusb_context *</type>
        <definition>struct libusb_context* ftdi_context::usb_ctx</definition>
        <argsstring></argsstring>
        <name>usb_ctx</name>
        <briefdescription>
        </briefdescription>
        <detaileddescription>
<para>libusb&apos;s context </para>
        </detaileddescription>
        <inbodydescription>
        </inbodydescription>
        <location file="C:/work/libftdi/libftdi1-1.5/src/ftdi.h" line="275" column="25" bodyfile="C:/work/libftdi/libftdi1-1.5/src/ftdi.h" bodystart="275" bodyend="-1"/>
        <referencedby refid="ftdi_8h_1a21e2ed53cad4fa8242022afe1e12d2ee" compoundref="ftdi_8c" startline="91" endline="125">ftdi_init</referencedby>
        <referencedby refid="ftdi_8h_1accb36ed9571b5a1955479d50b2e1d91e" compoundref="ftdi_8c" startline="1931" endline="1953">ftdi_transfer_data_cancel</referencedby>
        <referencedby refid="ftdi_8h_1af580b6263d15746d1f5d3759f9c3ac02" compoundref="ftdi_8c" startline="1884" endline="1920">ftdi_transfer_data_done</referencedby>
        <referencedby refid="ftdi_8h_1a2845a0c63809747c9c7b1ea404453bc4" compoundref="ftdi_8c" startline="314" endline="355">ftdi_usb_find_all</referencedby>
        <referencedby refid="ftdi_8h_1aac0c0e390c351db64bd42a86cb9d8d31" compoundref="ftdi_8c" startline="857" endline="882">ftdi_usb_open_bus_addr</referencedby>
        <referencedby refid="ftdi_8h_1a3c5ccb0678b0e268b4081ea978e8eb78" compoundref="ftdi_8c" startline="764" endline="834">ftdi_usb_open_desc_index</referencedby>
        <referencedby refid="ftdi_8h_1aae805b82251a61dae46b98345cd84d5c" compoundref="ftdi_8c" startline="910" endline="992">ftdi_usb_open_string</referencedby>
      </memberdef>
      <memberdef kind="variable" id="structftdi__context_1a1ea9e9fd3211a568779022befc0b3af8" prot="public" static="no" mutable="no">
        <type>struct libusb_device_handle *</type>
        <definition>struct libusb_device_handle* ftdi_context::usb_dev</definition>
        <argsstring></argsstring>
        <name>usb_dev</name>
        <briefdescription>
        </briefdescription>
        <detaileddescription>
<para>libusb&apos;s usb_dev_handle </para>
        </detaileddescription>
        <inbodydescription>
        </inbodydescription>
        <location file="C:/work/libftdi/libftdi1-1.5/src/ftdi.h" line="277" column="31" bodyfile="C:/work/libftdi/libftdi1-1.5/src/ftdi.h" bodystart="277" bodyend="-1"/>
        <referencedby refid="ftdi_8h_1a42b4776b91c6b14d2d1008b160b78efa" compoundref="ftdi_8c" startline="2217" endline="2227">ftdi_disable_bitbang</referencedby>
        <referencedby refid="ftdi_8h_1a0b04717765deb6706482a3f3124c0b4a" compoundref="ftdi_8c" startline="2579" endline="2725">ftdi_eeprom_initdefaults</referencedby>
        <referencedby refid="ftdi_8h_1a64de7f0529572f56c9aa27d3e79ad7e6" compoundref="ftdi_8c" startline="2727" endline="2773">ftdi_eeprom_set_strings</referencedby>
        <referencedby refid="ftdi_8h_1acf7b6dcc4de33db2263ce8a421e18bfc" compoundref="ftdi_8c" startline="2293" endline="2305">ftdi_get_latency_timer</referencedby>
        <referencedby refid="ftdi_8h_1a21e2ed53cad4fa8242022afe1e12d2ee" compoundref="ftdi_8c" startline="91" endline="125">ftdi_init</referencedby>
        <referencedby refid="ftdi_8h_1a396c3bf1435fb3317755868e28c47414" compoundref="ftdi_8c" startline="2347" endline="2360">ftdi_poll_modem_status</referencedby>
        <referencedby refid="ftdi_8h_1ab978a76c2cc0dbfbc1fd6350db848300" compoundref="ftdi_8c" startline="4520" endline="4542">ftdi_read_chipid</referencedby>
        <referencedby refid="ftdi_8h_1a72d87e30015c98bd0be22e7c8c873345" compoundref="ftdi_8c" startline="2007" endline="2119">ftdi_read_data</referencedby>
        <referencedby refid="ftdi_8h_1ab4dd69a3332c544dfdcbf4da85bd8801" compoundref="ftdi_8c" startline="1805" endline="1871">ftdi_read_data_submit</referencedby>
        <referencedby refid="ftdi_8h_1ac157786fdf2e9c6b51dd9b4ddbb34d5f" compoundref="ftdi_8c" startline="4461" endline="4491">ftdi_read_eeprom</referencedby>
        <referencedby refid="ftdi_8h_1a650df1dc49ec78f0ee58b1c4f2644fd9" compoundref="ftdi_8c" startline="4437" endline="4450">ftdi_read_eeprom_location</referencedby>
        <referencedby refid="ftdi_8h_1ab823dd90f2359612b1546ef0ceebdc0e" compoundref="ftdi_8c" startline="2240" endline="2249">ftdi_read_pins</referencedby>
        <referencedby refid="ftdi__stream_8c_1abffdbbc8e303b2e4e85551734682a0b4" compoundref="ftdi__stream_8c" startline="151" endline="302">ftdi_readstream</referencedby>
        <referencedby refid="ftdi_8h_1ae80f1dc38f5c80946a56ec34a329e7f5" compoundref="ftdi_8c" startline="1448" endline="1479">ftdi_set_baudrate</referencedby>
        <referencedby refid="ftdi_8h_1a83b41e900a1faf2ecc0546ce48ec7e70" compoundref="ftdi_8c" startline="2191" endline="2206">ftdi_set_bitmode</referencedby>
        <referencedby refid="ftdi_8h_1aeb9510a61f6648eb1bd57f0f99a390e1" compoundref="ftdi_8c" startline="2549" endline="2565">ftdi_set_error_char</referencedby>
        <referencedby refid="ftdi_8h_1a71eeabe2ee5474d5c0ceddc2e08766cd" compoundref="ftdi_8c" startline="2520" endline="2536">ftdi_set_event_char</referencedby>
        <referencedby refid="ftdi_8h_1a6dc886d709eced377a33dc975fa6e771" compoundref="ftdi_8c" startline="161" endline="207">ftdi_set_interface</referencedby>
        <referencedby refid="ftdi_8h_1a3e0227b0c7aa859d2d2afb5ffa4c8466" compoundref="ftdi_8c" startline="2266" endline="2281">ftdi_set_latency_timer</referencedby>
        <referencedby refid="ftdi_8h_1a481d055a35dd9042c1c23e2214d2655c" compoundref="ftdi_8c" startline="1513" endline="1570">ftdi_set_line_property2</referencedby>
        <referencedby refid="ftdi_8h_1ae4ddaa93c58d2373f1a612d292591c3c" compoundref="ftdi_8c" startline="272" endline="278">ftdi_set_usbdev</referencedby>
        <referencedby refid="ftdi_8h_1a47761f16762363288c55f5fff24620d5" compoundref="ftdi_8c" startline="2423" endline="2441">ftdi_setdtr</referencedby>
        <referencedby refid="ftdi_8h_1a5a8f23c2e77c8b58c1f44a11e2f52aa9" compoundref="ftdi_8c" startline="2484" endline="2507">ftdi_setdtr_rts</referencedby>
        <referencedby refid="ftdi_8h_1ac3b3d2cc69edf567e653340f434c91e0" compoundref="ftdi_8c" startline="2375" endline="2386">ftdi_setflowctrl</referencedby>
        <referencedby refid="ftdi_8h_1adb73a6a59c454502fb98a1239814bfb2" compoundref="ftdi_8c" startline="2399" endline="2411">ftdi_setflowctrl_xonxoff</referencedby>
        <referencedby refid="ftdi_8h_1a5713ba73288b3e1ac1d45096c917c1ab" compoundref="ftdi_8c" startline="2453" endline="2471">ftdi_setrts</referencedby>
        <referencedby refid="ftdi_8h_1a36d3547ade83501428e9da52d9debedb" compoundref="ftdi_8c" startline="1030" endline="1045">ftdi_tciflush</referencedby>
        <referencedby refid="ftdi_8h_1aeca5f2979d57490be0f3646fb4f3116a" compoundref="ftdi_8c" startline="1137" endline="1153">ftdi_tcioflush</referencedby>
        <referencedby refid="ftdi_8h_1ab7be67a70d0791643dc08a920d6f4668" compoundref="ftdi_8c" startline="1087" endline="1098">ftdi_tcoflush</referencedby>
        <referencedby refid="ftdi_8h_1a9536eff48c7ae9313b2a97320743ee3b" compoundref="ftdi_8c" startline="1197" endline="1211">ftdi_usb_close</referencedby>
        <referencedby refid="ftdi_8h_1a17e8eae09e58bd3bfeeab8decfce7fd9" compoundref="ftdi_8c" startline="413" endline="442">ftdi_usb_get_strings</referencedby>
        <referencedby refid="ftdi_8h_1ad2de9ec013131d1a49038cb3c28c6415" compoundref="ftdi_8c" startline="470" endline="519">ftdi_usb_get_strings2</referencedby>
        <referencedby refid="ftdi_8h_1a3c5ccb0678b0e268b4081ea978e8eb78" compoundref="ftdi_8c" startline="764" endline="834">ftdi_usb_open_desc_index</referencedby>
        <referencedby refid="ftdi_8h_1a63e62ebae2c3d45d9bacd81e81a09081" compoundref="ftdi_8c" startline="589" endline="696">ftdi_usb_open_dev</referencedby>
        <referencedby refid="ftdi_8c_1a3089d7ceafad896c007111b8e5c02906" compoundref="ftdi_8c" startline="1168" endline="1184">ftdi_usb_purge_buffers</referencedby>
        <referencedby refid="ftdi_8c_1a25a6d4766e30bd47602ed0c0ecf53476" compoundref="ftdi_8c" startline="1060" endline="1075">ftdi_usb_purge_rx_buffer</referencedby>
        <referencedby refid="ftdi_8c_1a1eab1dfd17068c46775a86496fee8bec" compoundref="ftdi_8c" startline="1113" endline="1124">ftdi_usb_purge_tx_buffer</referencedby>
        <referencedby refid="ftdi_8h_1a266ccc351ea31289022063a8ae29edf4" compoundref="ftdi_8c" startline="1003" endline="1018">ftdi_usb_reset</referencedby>
        <referencedby refid="ftdi_8h_1a01199788c36ba93352f155a79ea295e8" compoundref="ftdi_8c" startline="1583" endline="1605">ftdi_write_data</referencedby>
        <referencedby refid="ftdi_8h_1a90c2133a195fc7ebf229205c2755fc67" compoundref="ftdi_8c" startline="1743" endline="1789">ftdi_write_data_submit</referencedby>
        <referencedby refid="ftdi_8h_1a8cc9811660d1adfb4b30157c5ab26d5a" compoundref="ftdi_8c" startline="4614" endline="4652">ftdi_write_eeprom</referencedby>
        <referencedby refid="ftdi_8h_1a5f2f678fc05cb8f92708fb1e5eb75100" compoundref="ftdi_8c" startline="4558" endline="4602">ftdi_write_eeprom_location</referencedby>
      </memberdef>
      <memberdef kind="variable" id="structftdi__context_1afa159483bb1153259ee7ceb3b45a2c9f" prot="public" static="no" mutable="no">
        <type>int</type>
        <definition>int ftdi_context::usb_read_timeout</definition>
        <argsstring></argsstring>
        <name>usb_read_timeout</name>
        <briefdescription>
        </briefdescription>
        <detaileddescription>
<para>usb read timeout </para>
        </detaileddescription>
        <inbodydescription>
        </inbodydescription>
        <location file="C:/work/libftdi/libftdi1-1.5/src/ftdi.h" line="279" column="9" bodyfile="C:/work/libftdi/libftdi1-1.5/src/ftdi.h" bodystart="279" bodyend="-1"/>
        <referencedby refid="ftdi_8h_1acf7b6dcc4de33db2263ce8a421e18bfc" compoundref="ftdi_8c" startline="2293" endline="2305">ftdi_get_latency_timer</referencedby>
        <referencedby refid="ftdi_8h_1a21e2ed53cad4fa8242022afe1e12d2ee" compoundref="ftdi_8c" startline="91" endline="125">ftdi_init</referencedby>
        <referencedby refid="ftdi_8h_1a396c3bf1435fb3317755868e28c47414" compoundref="ftdi_8c" startline="2347" endline="2360">ftdi_poll_modem_status</referencedby>
        <referencedby refid="ftdi_8h_1ab978a76c2cc0dbfbc1fd6350db848300" compoundref="ftdi_8c" startline="4520" endline="4542">ftdi_read_chipid</referencedby>
        <referencedby refid="ftdi_8h_1a72d87e30015c98bd0be22e7c8c873345" compoundref="ftdi_8c" startline="2007" endline="2119">ftdi_read_data</referencedby>
        <referencedby refid="ftdi_8h_1ac157786fdf2e9c6b51dd9b4ddbb34d5f" compoundref="ftdi_8c" startline="4461" endline="4491">ftdi_read_eeprom</referencedby>
        <referencedby refid="ftdi_8h_1a650df1dc49ec78f0ee58b1c4f2644fd9" compoundref="ftdi_8c" startline="4437" endline="4450">ftdi_read_eeprom_location</referencedby>
        <referencedby refid="ftdi_8h_1ab823dd90f2359612b1546ef0ceebdc0e" compoundref="ftdi_8c" startline="2240" endline="2249">ftdi_read_pins</referencedby>
      </memberdef>
      <memberdef kind="variable" id="structftdi__context_1ae98125557fc25c90953053a9992767cb" prot="public" static="no" mutable="no">
        <type>int</type>
        <definition>int ftdi_context::usb_write_timeout</definition>
        <argsstring></argsstring>
        <name>usb_write_timeout</name>
        <briefdescription>
        </briefdescription>
        <detaileddescription>
<para>usb write timeout </para>
        </detaileddescription>
        <inbodydescription>
        </inbodydescription>
        <location file="C:/work/libftdi/libftdi1-1.5/src/ftdi.h" line="281" column="9" bodyfile="C:/work/libftdi/libftdi1-1.5/src/ftdi.h" bodystart="281" bodyend="-1"/>
        <referencedby refid="ftdi_8h_1a42b4776b91c6b14d2d1008b160b78efa" compoundref="ftdi_8c" startline="2217" endline="2227">ftdi_disable_bitbang</referencedby>
        <referencedby refid="ftdi_8h_1a21e2ed53cad4fa8242022afe1e12d2ee" compoundref="ftdi_8c" startline="91" endline="125">ftdi_init</referencedby>
        <referencedby refid="ftdi_8h_1a83b41e900a1faf2ecc0546ce48ec7e70" compoundref="ftdi_8c" startline="2191" endline="2206">ftdi_set_bitmode</referencedby>
        <referencedby refid="ftdi_8h_1aeb9510a61f6648eb1bd57f0f99a390e1" compoundref="ftdi_8c" startline="2549" endline="2565">ftdi_set_error_char</referencedby>
        <referencedby refid="ftdi_8h_1a71eeabe2ee5474d5c0ceddc2e08766cd" compoundref="ftdi_8c" startline="2520" endline="2536">ftdi_set_event_char</referencedby>
        <referencedby refid="ftdi_8h_1a3e0227b0c7aa859d2d2afb5ffa4c8466" compoundref="ftdi_8c" startline="2266" endline="2281">ftdi_set_latency_timer</referencedby>
        <referencedby refid="ftdi_8h_1a481d055a35dd9042c1c23e2214d2655c" compoundref="ftdi_8c" startline="1513" endline="1570">ftdi_set_line_property2</referencedby>
        <referencedby refid="ftdi_8h_1a47761f16762363288c55f5fff24620d5" compoundref="ftdi_8c" startline="2423" endline="2441">ftdi_setdtr</referencedby>
        <referencedby refid="ftdi_8h_1a5a8f23c2e77c8b58c1f44a11e2f52aa9" compoundref="ftdi_8c" startline="2484" endline="2507">ftdi_setdtr_rts</referencedby>
        <referencedby refid="ftdi_8h_1ac3b3d2cc69edf567e653340f434c91e0" compoundref="ftdi_8c" startline="2375" endline="2386">ftdi_setflowctrl</referencedby>
        <referencedby refid="ftdi_8h_1adb73a6a59c454502fb98a1239814bfb2" compoundref="ftdi_8c" startline="2399" endline="2411">ftdi_setflowctrl_xonxoff</referencedby>
        <referencedby refid="ftdi_8h_1a5713ba73288b3e1ac1d45096c917c1ab" compoundref="ftdi_8c" startline="2453" endline="2471">ftdi_setrts</referencedby>
        <referencedby refid="ftdi_8h_1a36d3547ade83501428e9da52d9debedb" compoundref="ftdi_8c" startline="1030" endline="1045">ftdi_tciflush</referencedby>
        <referencedby refid="ftdi_8h_1ab7be67a70d0791643dc08a920d6f4668" compoundref="ftdi_8c" startline="1087" endline="1098">ftdi_tcoflush</referencedby>
        <referencedby refid="ftdi_8c_1a25a6d4766e30bd47602ed0c0ecf53476" compoundref="ftdi_8c" startline="1060" endline="1075">ftdi_usb_purge_rx_buffer</referencedby>
        <referencedby refid="ftdi_8c_1a1eab1dfd17068c46775a86496fee8bec" compoundref="ftdi_8c" startline="1113" endline="1124">ftdi_usb_purge_tx_buffer</referencedby>
        <referencedby refid="ftdi_8h_1a266ccc351ea31289022063a8ae29edf4" compoundref="ftdi_8c" startline="1003" endline="1018">ftdi_usb_reset</referencedby>
        <referencedby refid="ftdi_8h_1a01199788c36ba93352f155a79ea295e8" compoundref="ftdi_8c" startline="1583" endline="1605">ftdi_write_data</referencedby>
        <referencedby refid="ftdi_8h_1a8cc9811660d1adfb4b30157c5ab26d5a" compoundref="ftdi_8c" startline="4614" endline="4652">ftdi_write_eeprom</referencedby>
        <referencedby refid="ftdi_8h_1a5f2f678fc05cb8f92708fb1e5eb75100" compoundref="ftdi_8c" startline="4558" endline="4602">ftdi_write_eeprom_location</referencedby>
      </memberdef>
      <memberdef kind="variable" id="structftdi__context_1a2e565f92e6a559d75cf4828ed46d0109" prot="public" static="no" mutable="no">
        <type>enum <ref refid="ftdi_8h_1a026dc3f26fbc7f5ef67c75f0739385ce" kindref="member">ftdi_chip_type</ref></type>
        <definition>enum ftdi_chip_type ftdi_context::type</definition>
        <argsstring></argsstring>
        <name>type</name>
        <briefdescription>
        </briefdescription>
        <detaileddescription>
<para>FTDI chip type </para>
        </detaileddescription>
        <inbodydescription>
        </inbodydescription>
        <location file="C:/work/libftdi/libftdi1-1.5/src/ftdi.h" line="281" column="9" bodyfile="C:/work/libftdi/libftdi1-1.5/src/ftdi.h" bodystart="285" bodyend="-1"/>
        <referencedby refid="ftdi_8h_1accf7f39923b4a9bbc626cca9f7ac40b1" compoundref="ftdi_8c" startline="2910" endline="3498">ftdi_eeprom_build</referencedby>
        <referencedby refid="ftdi_8h_1ac91c95ae42ec1ba885dc54f39709c072" compoundref="ftdi_8c" startline="3548" endline="3966">ftdi_eeprom_decode</referencedby>
        <referencedby refid="ftdi_8h_1a0b04717765deb6706482a3f3124c0b4a" compoundref="ftdi_8c" startline="2579" endline="2725">ftdi_eeprom_initdefaults</referencedby>
        <referencedby refid="ftdi_8h_1a21e2ed53cad4fa8242022afe1e12d2ee" compoundref="ftdi_8c" startline="91" endline="125">ftdi_init</referencedby>
        <referencedby refid="ftdi_8h_1ac157786fdf2e9c6b51dd9b4ddbb34d5f" compoundref="ftdi_8c" startline="4461" endline="4491">ftdi_read_eeprom</referencedby>
        <referencedby refid="ftdi__stream_8c_1abffdbbc8e303b2e4e85551734682a0b4" compoundref="ftdi__stream_8c" startline="151" endline="302">ftdi_readstream</referencedby>
        <referencedby refid="ftdi_8h_1a8cc9811660d1adfb4b30157c5ab26d5a" compoundref="ftdi_8c" startline="4614" endline="4652">ftdi_write_eeprom</referencedby>
        <referencedby refid="ftdi_8h_1a5f2f678fc05cb8f92708fb1e5eb75100" compoundref="ftdi_8c" startline="4558" endline="4602">ftdi_write_eeprom_location</referencedby>
      </memberdef>
      <memberdef kind="variable" id="structftdi__context_1aa688eb2312af3a9fb6b56a8c59178e34" prot="public" static="no" mutable="no">
        <type>int</type>
        <definition>int ftdi_context::baudrate</definition>
        <argsstring></argsstring>
        <name>baudrate</name>
        <briefdescription>
        </briefdescription>
        <detaileddescription>
<para>baudrate </para>
        </detaileddescription>
        <inbodydescription>
        </inbodydescription>
        <location file="C:/work/libftdi/libftdi1-1.5/src/ftdi.h" line="287" column="9" bodyfile="C:/work/libftdi/libftdi1-1.5/src/ftdi.h" bodystart="287" bodyend="-1"/>
        <referencedby refid="ftdi_8h_1a21e2ed53cad4fa8242022afe1e12d2ee" compoundref="ftdi_8c" startline="91" endline="125">ftdi_init</referencedby>
      </memberdef>
      <memberdef kind="variable" id="structftdi__context_1a164c17ee7bddaa0d76da8da7138f602f" prot="public" static="no" mutable="no">
        <type>unsigned char</type>
        <definition>unsigned char ftdi_context::bitbang_enabled</definition>
        <argsstring></argsstring>
        <name>bitbang_enabled</name>
        <briefdescription>
        </briefdescription>
        <detaileddescription>
<para>bitbang mode state </para>
        </detaileddescription>
        <inbodydescription>
        </inbodydescription>
        <location file="C:/work/libftdi/libftdi1-1.5/src/ftdi.h" line="289" column="19" bodyfile="C:/work/libftdi/libftdi1-1.5/src/ftdi.h" bodystart="289" bodyend="-1"/>
        <referencedby refid="ftdi_8h_1a42b4776b91c6b14d2d1008b160b78efa" compoundref="ftdi_8c" startline="2217" endline="2227">ftdi_disable_bitbang</referencedby>
        <referencedby refid="ftdi_8h_1a21e2ed53cad4fa8242022afe1e12d2ee" compoundref="ftdi_8c" startline="91" endline="125">ftdi_init</referencedby>
        <referencedby refid="ftdi_8h_1ae80f1dc38f5c80946a56ec34a329e7f5" compoundref="ftdi_8c" startline="1448" endline="1479">ftdi_set_baudrate</referencedby>
        <referencedby refid="ftdi_8h_1a83b41e900a1faf2ecc0546ce48ec7e70" compoundref="ftdi_8c" startline="2191" endline="2206">ftdi_set_bitmode</referencedby>
      </memberdef>
      <memberdef kind="variable" id="structftdi__context_1a891754b08145eee8669598ab28c985a4" prot="public" static="no" mutable="no">
        <type>unsigned char *</type>
        <definition>unsigned char* ftdi_context::readbuffer</definition>
        <argsstring></argsstring>
        <name>readbuffer</name>
        <briefdescription>
        </briefdescription>
        <detaileddescription>
<para>pointer to read buffer for ftdi_read_data </para>
        </detaileddescription>
        <inbodydescription>
        </inbodydescription>
        <location file="C:/work/libftdi/libftdi1-1.5/src/ftdi.h" line="291" column="19" bodyfile="C:/work/libftdi/libftdi1-1.5/src/ftdi.h" bodystart="291" bodyend="-1"/>
        <referencedby refid="ftdi_8h_1a21e2ed53cad4fa8242022afe1e12d2ee" compoundref="ftdi_8c" startline="91" endline="125">ftdi_init</referencedby>
        <referencedby refid="ftdi_8h_1a72d87e30015c98bd0be22e7c8c873345" compoundref="ftdi_8c" startline="2007" endline="2119">ftdi_read_data</referencedby>
        <referencedby refid="ftdi_8h_1a65783703baf0828d519ef597bb2855c1" compoundref="ftdi_8c" startline="2133" endline="2159">ftdi_read_data_set_chunksize</referencedby>
        <referencedby refid="ftdi_8h_1ab4dd69a3332c544dfdcbf4da85bd8801" compoundref="ftdi_8c" startline="1805" endline="1871">ftdi_read_data_submit</referencedby>
      </memberdef>
      <memberdef kind="variable" id="structftdi__context_1aca6046c8ee0175acf84334afab5a3392" prot="public" static="no" mutable="no">
        <type>unsigned int</type>
        <definition>unsigned int ftdi_context::readbuffer_offset</definition>
        <argsstring></argsstring>
        <name>readbuffer_offset</name>
        <briefdescription>
        </briefdescription>
        <detaileddescription>
<para>read buffer offset </para>
        </detaileddescription>
        <inbodydescription>
        </inbodydescription>
        <location file="C:/work/libftdi/libftdi1-1.5/src/ftdi.h" line="293" column="18" bodyfile="C:/work/libftdi/libftdi1-1.5/src/ftdi.h" bodystart="293" bodyend="-1"/>
        <referencedby refid="ftdi_8h_1a21e2ed53cad4fa8242022afe1e12d2ee" compoundref="ftdi_8c" startline="91" endline="125">ftdi_init</referencedby>
        <referencedby refid="ftdi_8h_1a72d87e30015c98bd0be22e7c8c873345" compoundref="ftdi_8c" startline="2007" endline="2119">ftdi_read_data</referencedby>
        <referencedby refid="ftdi_8h_1a65783703baf0828d519ef597bb2855c1" compoundref="ftdi_8c" startline="2133" endline="2159">ftdi_read_data_set_chunksize</referencedby>
        <referencedby refid="ftdi_8h_1ab4dd69a3332c544dfdcbf4da85bd8801" compoundref="ftdi_8c" startline="1805" endline="1871">ftdi_read_data_submit</referencedby>
        <referencedby refid="ftdi_8h_1a36d3547ade83501428e9da52d9debedb" compoundref="ftdi_8c" startline="1030" endline="1045">ftdi_tciflush</referencedby>
        <referencedby refid="ftdi_8c_1a25a6d4766e30bd47602ed0c0ecf53476" compoundref="ftdi_8c" startline="1060" endline="1075">ftdi_usb_purge_rx_buffer</referencedby>
        <referencedby refid="ftdi_8h_1a266ccc351ea31289022063a8ae29edf4" compoundref="ftdi_8c" startline="1003" endline="1018">ftdi_usb_reset</referencedby>
      </memberdef>
      <memberdef kind="variable" id="structftdi__context_1aad05935e91af93e8dbe36781217632bf" prot="public" static="no" mutable="no">
        <type>unsigned int</type>
        <definition>unsigned int ftdi_context::readbuffer_remaining</definition>
        <argsstring></argsstring>
        <name>readbuffer_remaining</name>
        <briefdescription>
        </briefdescription>
        <detaileddescription>
<para>number of remaining data in internal read buffer </para>
        </detaileddescription>
        <inbodydescription>
        </inbodydescription>
        <location file="C:/work/libftdi/libftdi1-1.5/src/ftdi.h" line="295" column="18" bodyfile="C:/work/libftdi/libftdi1-1.5/src/ftdi.h" bodystart="295" bodyend="-1"/>
        <referencedby refid="ftdi_8h_1a21e2ed53cad4fa8242022afe1e12d2ee" compoundref="ftdi_8c" startline="91" endline="125">ftdi_init</referencedby>
        <referencedby refid="ftdi_8h_1a72d87e30015c98bd0be22e7c8c873345" compoundref="ftdi_8c" startline="2007" endline="2119">ftdi_read_data</referencedby>
        <referencedby refid="ftdi_8h_1a65783703baf0828d519ef597bb2855c1" compoundref="ftdi_8c" startline="2133" endline="2159">ftdi_read_data_set_chunksize</referencedby>
        <referencedby refid="ftdi_8h_1ab4dd69a3332c544dfdcbf4da85bd8801" compoundref="ftdi_8c" startline="1805" endline="1871">ftdi_read_data_submit</referencedby>
        <referencedby refid="ftdi_8h_1a36d3547ade83501428e9da52d9debedb" compoundref="ftdi_8c" startline="1030" endline="1045">ftdi_tciflush</referencedby>
        <referencedby refid="ftdi_8c_1a25a6d4766e30bd47602ed0c0ecf53476" compoundref="ftdi_8c" startline="1060" endline="1075">ftdi_usb_purge_rx_buffer</referencedby>
        <referencedby refid="ftdi_8h_1a266ccc351ea31289022063a8ae29edf4" compoundref="ftdi_8c" startline="1003" endline="1018">ftdi_usb_reset</referencedby>
      </memberdef>
      <memberdef kind="variable" id="structftdi__context_1a8bd3ab7267621b4a8ec3f08ae18b1c00" prot="public" static="no" mutable="no">
        <type>unsigned int</type>
        <definition>unsigned int ftdi_context::readbuffer_chunksize</definition>
        <argsstring></argsstring>
        <name>readbuffer_chunksize</name>
        <briefdescription>
        </briefdescription>
        <detaileddescription>
<para>read buffer chunk size </para>
        </detaileddescription>
        <inbodydescription>
        </inbodydescription>
        <location file="C:/work/libftdi/libftdi1-1.5/src/ftdi.h" line="297" column="18" bodyfile="C:/work/libftdi/libftdi1-1.5/src/ftdi.h" bodystart="297" bodyend="-1"/>
        <referencedby refid="ftdi_8h_1a72d87e30015c98bd0be22e7c8c873345" compoundref="ftdi_8c" startline="2007" endline="2119">ftdi_read_data</referencedby>
        <referencedby refid="ftdi_8h_1ab42b05f26b6a6545ae3ae1b4edc28e5c" compoundref="ftdi_8c" startline="2170" endline="2177">ftdi_read_data_get_chunksize</referencedby>
        <referencedby refid="ftdi_8h_1a65783703baf0828d519ef597bb2855c1" compoundref="ftdi_8c" startline="2133" endline="2159">ftdi_read_data_set_chunksize</referencedby>
        <referencedby refid="ftdi_8h_1ab4dd69a3332c544dfdcbf4da85bd8801" compoundref="ftdi_8c" startline="1805" endline="1871">ftdi_read_data_submit</referencedby>
      </memberdef>
      <memberdef kind="variable" id="structftdi__context_1a127d66a8b7602bd767fb01ce90e2a6be" prot="public" static="no" mutable="no">
        <type>unsigned int</type>
        <definition>unsigned int ftdi_context::writebuffer_chunksize</definition>
        <argsstring></argsstring>
        <name>writebuffer_chunksize</name>
        <briefdescription>
        </briefdescription>
        <detaileddescription>
<para>write buffer chunk size </para>
        </detaileddescription>
        <inbodydescription>
        </inbodydescription>
        <location file="C:/work/libftdi/libftdi1-1.5/src/ftdi.h" line="299" column="18" bodyfile="C:/work/libftdi/libftdi1-1.5/src/ftdi.h" bodystart="299" bodyend="-1"/>
        <referencedby refid="ftdi_8h_1a21e2ed53cad4fa8242022afe1e12d2ee" compoundref="ftdi_8c" startline="91" endline="125">ftdi_init</referencedby>
        <referencedby refid="ftdi_8h_1a01199788c36ba93352f155a79ea295e8" compoundref="ftdi_8c" startline="1583" endline="1605">ftdi_write_data</referencedby>
        <referencedby refid="ftdi_8h_1a5944f14ffd11faa113515ff29dc769ed" compoundref="ftdi_8c" startline="1983" endline="1990">ftdi_write_data_get_chunksize</referencedby>
        <referencedby refid="ftdi_8h_1a85e22717c3315a09219b03a1862c0c46" compoundref="ftdi_8c" startline="1965" endline="1972">ftdi_write_data_set_chunksize</referencedby>
        <referencedby refid="ftdi_8h_1a90c2133a195fc7ebf229205c2755fc67" compoundref="ftdi_8c" startline="1743" endline="1789">ftdi_write_data_submit</referencedby>
      </memberdef>
      <memberdef kind="variable" id="structftdi__context_1a7ca2f7e68cd28e1c3079d029fd6129c0" prot="public" static="no" mutable="no">
        <type>unsigned int</type>
        <definition>unsigned int ftdi_context::max_packet_size</definition>
        <argsstring></argsstring>
        <name>max_packet_size</name>
        <briefdescription>
        </briefdescription>
        <detaileddescription>
<para>maximum packet size. Needed for filtering modem status bytes every n packets. </para>
        </detaileddescription>
        <inbodydescription>
        </inbodydescription>
        <location file="C:/work/libftdi/libftdi1-1.5/src/ftdi.h" line="301" column="18" bodyfile="C:/work/libftdi/libftdi1-1.5/src/ftdi.h" bodystart="301" bodyend="-1"/>
        <referencedby refid="ftdi_8h_1a21e2ed53cad4fa8242022afe1e12d2ee" compoundref="ftdi_8c" startline="91" endline="125">ftdi_init</referencedby>
        <referencedby refid="ftdi_8h_1a72d87e30015c98bd0be22e7c8c873345" compoundref="ftdi_8c" startline="2007" endline="2119">ftdi_read_data</referencedby>
        <referencedby refid="ftdi__stream_8c_1abffdbbc8e303b2e4e85551734682a0b4" compoundref="ftdi__stream_8c" startline="151" endline="302">ftdi_readstream</referencedby>
      </memberdef>
      <memberdef kind="variable" id="structftdi__context_1ab67b17bd137b3b010544cdc3e6149aa7" prot="public" static="no" mutable="no">
        <type>int</type>
        <definition>int ftdi_context::interface</definition>
        <argsstring></argsstring>
        <name>interface</name>
        <briefdescription>
        </briefdescription>
        <detaileddescription>
<para>FT2232C interface number: 0 or 1 </para>
        </detaileddescription>
        <inbodydescription>
        </inbodydescription>
        <location file="C:/work/libftdi/libftdi1-1.5/src/ftdi.h" line="305" column="9" bodyfile="C:/work/libftdi/libftdi1-1.5/src/ftdi.h" bodystart="305" bodyend="-1"/>
        <referencedby refid="ftdi_8h_1a6dc886d709eced377a33dc975fa6e771" compoundref="ftdi_8c" startline="161" endline="207">ftdi_set_interface</referencedby>
        <referencedby refid="ftdi_8h_1a9536eff48c7ae9313b2a97320743ee3b" compoundref="ftdi_8c" startline="1197" endline="1211">ftdi_usb_close</referencedby>
        <referencedby refid="ftdi_8h_1a63e62ebae2c3d45d9bacd81e81a09081" compoundref="ftdi_8c" startline="589" endline="696">ftdi_usb_open_dev</referencedby>
      </memberdef>
      <memberdef kind="variable" id="structftdi__context_1aa38ced8c782ed6844895cd4d685def64" prot="public" static="no" mutable="no">
        <type>int</type>
        <definition>int ftdi_context::index</definition>
        <argsstring></argsstring>
        <name>index</name>
        <briefdescription>
        </briefdescription>
        <detaileddescription>
<para>FT2232C index number: 1 or 2 </para>
        </detaileddescription>
        <inbodydescription>
        </inbodydescription>
        <location file="C:/work/libftdi/libftdi1-1.5/src/ftdi.h" line="307" column="9" bodyfile="C:/work/libftdi/libftdi1-1.5/src/ftdi.h" bodystart="307" bodyend="-1"/>
        <referencedby refid="ftdi_8h_1a42b4776b91c6b14d2d1008b160b78efa" compoundref="ftdi_8c" startline="2217" endline="2227">ftdi_disable_bitbang</referencedby>
        <referencedby refid="ftdi_8h_1acf7b6dcc4de33db2263ce8a421e18bfc" compoundref="ftdi_8c" startline="2293" endline="2305">ftdi_get_latency_timer</referencedby>
        <referencedby refid="ftdi_8h_1a396c3bf1435fb3317755868e28c47414" compoundref="ftdi_8c" startline="2347" endline="2360">ftdi_poll_modem_status</referencedby>
        <referencedby refid="ftdi_8h_1ab823dd90f2359612b1546ef0ceebdc0e" compoundref="ftdi_8c" startline="2240" endline="2249">ftdi_read_pins</referencedby>
        <referencedby refid="ftdi_8h_1a83b41e900a1faf2ecc0546ce48ec7e70" compoundref="ftdi_8c" startline="2191" endline="2206">ftdi_set_bitmode</referencedby>
        <referencedby refid="ftdi_8h_1aeb9510a61f6648eb1bd57f0f99a390e1" compoundref="ftdi_8c" startline="2549" endline="2565">ftdi_set_error_char</referencedby>
        <referencedby refid="ftdi_8h_1a71eeabe2ee5474d5c0ceddc2e08766cd" compoundref="ftdi_8c" startline="2520" endline="2536">ftdi_set_event_char</referencedby>
        <referencedby refid="ftdi_8h_1a6dc886d709eced377a33dc975fa6e771" compoundref="ftdi_8c" startline="161" endline="207">ftdi_set_interface</referencedby>
        <referencedby refid="ftdi_8h_1a3e0227b0c7aa859d2d2afb5ffa4c8466" compoundref="ftdi_8c" startline="2266" endline="2281">ftdi_set_latency_timer</referencedby>
        <referencedby refid="ftdi_8h_1a481d055a35dd9042c1c23e2214d2655c" compoundref="ftdi_8c" startline="1513" endline="1570">ftdi_set_line_property2</referencedby>
        <referencedby refid="ftdi_8h_1a47761f16762363288c55f5fff24620d5" compoundref="ftdi_8c" startline="2423" endline="2441">ftdi_setdtr</referencedby>
        <referencedby refid="ftdi_8h_1a5a8f23c2e77c8b58c1f44a11e2f52aa9" compoundref="ftdi_8c" startline="2484" endline="2507">ftdi_setdtr_rts</referencedby>
        <referencedby refid="ftdi_8h_1ac3b3d2cc69edf567e653340f434c91e0" compoundref="ftdi_8c" startline="2375" endline="2386">ftdi_setflowctrl</referencedby>
        <referencedby refid="ftdi_8h_1adb73a6a59c454502fb98a1239814bfb2" compoundref="ftdi_8c" startline="2399" endline="2411">ftdi_setflowctrl_xonxoff</referencedby>
        <referencedby refid="ftdi_8h_1a5713ba73288b3e1ac1d45096c917c1ab" compoundref="ftdi_8c" startline="2453" endline="2471">ftdi_setrts</referencedby>
        <referencedby refid="ftdi_8h_1a36d3547ade83501428e9da52d9debedb" compoundref="ftdi_8c" startline="1030" endline="1045">ftdi_tciflush</referencedby>
        <referencedby refid="ftdi_8h_1ab7be67a70d0791643dc08a920d6f4668" compoundref="ftdi_8c" startline="1087" endline="1098">ftdi_tcoflush</referencedby>
        <referencedby refid="ftdi_8c_1a25a6d4766e30bd47602ed0c0ecf53476" compoundref="ftdi_8c" startline="1060" endline="1075">ftdi_usb_purge_rx_buffer</referencedby>
        <referencedby refid="ftdi_8c_1a1eab1dfd17068c46775a86496fee8bec" compoundref="ftdi_8c" startline="1113" endline="1124">ftdi_usb_purge_tx_buffer</referencedby>
        <referencedby refid="ftdi_8h_1a266ccc351ea31289022063a8ae29edf4" compoundref="ftdi_8c" startline="1003" endline="1018">ftdi_usb_reset</referencedby>
      </memberdef>
      <memberdef kind="variable" id="structftdi__context_1a9b6cfd3763a3ca80c76bc52c89dad968" prot="public" static="no" mutable="no">
        <type>int</type>
        <definition>int ftdi_context::in_ep</definition>
        <argsstring></argsstring>
        <name>in_ep</name>
        <briefdescription>
        </briefdescription>
        <detaileddescription>
<para>FT2232C end points: 1 or 2 </para>
        </detaileddescription>
        <inbodydescription>
        </inbodydescription>
        <location file="C:/work/libftdi/libftdi1-1.5/src/ftdi.h" line="310" column="9" bodyfile="C:/work/libftdi/libftdi1-1.5/src/ftdi.h" bodystart="310" bodyend="-1"/>
        <referencedby refid="ftdi_8h_1a6dc886d709eced377a33dc975fa6e771" compoundref="ftdi_8c" startline="161" endline="207">ftdi_set_interface</referencedby>
        <referencedby refid="ftdi_8h_1a01199788c36ba93352f155a79ea295e8" compoundref="ftdi_8c" startline="1583" endline="1605">ftdi_write_data</referencedby>
        <referencedby refid="ftdi_8h_1a90c2133a195fc7ebf229205c2755fc67" compoundref="ftdi_8c" startline="1743" endline="1789">ftdi_write_data_submit</referencedby>
      </memberdef>
      <memberdef kind="variable" id="structftdi__context_1a079427d8f2c09102bcadb9118e60c0ec" prot="public" static="no" mutable="no">
        <type>int</type>
        <definition>int ftdi_context::out_ep</definition>
        <argsstring></argsstring>
        <name>out_ep</name>
        <briefdescription>
        </briefdescription>
        <detaileddescription>
        </detaileddescription>
        <inbodydescription>
        </inbodydescription>
        <location file="C:/work/libftdi/libftdi1-1.5/src/ftdi.h" line="311" column="9" bodyfile="C:/work/libftdi/libftdi1-1.5/src/ftdi.h" bodystart="311" bodyend="-1"/>
        <referencedby refid="ftdi_8h_1a72d87e30015c98bd0be22e7c8c873345" compoundref="ftdi_8c" startline="2007" endline="2119">ftdi_read_data</referencedby>
        <referencedby refid="ftdi_8h_1ab4dd69a3332c544dfdcbf4da85bd8801" compoundref="ftdi_8c" startline="1805" endline="1871">ftdi_read_data_submit</referencedby>
        <referencedby refid="ftdi__stream_8c_1abffdbbc8e303b2e4e85551734682a0b4" compoundref="ftdi__stream_8c" startline="151" endline="302">ftdi_readstream</referencedby>
        <referencedby refid="ftdi_8h_1a6dc886d709eced377a33dc975fa6e771" compoundref="ftdi_8c" startline="161" endline="207">ftdi_set_interface</referencedby>
      </memberdef>
      <memberdef kind="variable" id="structftdi__context_1a017557435f4377c2353d9d3b7fbcff01" prot="public" static="no" mutable="no">
        <type>unsigned char</type>
        <definition>unsigned char ftdi_context::bitbang_mode</definition>
        <argsstring></argsstring>
        <name>bitbang_mode</name>
        <briefdescription>
        </briefdescription>
        <detaileddescription>
<para>Bitbang mode. 1: (default) Normal bitbang mode, 2: FT2232C SPI bitbang mode </para>
        </detaileddescription>
        <inbodydescription>
        </inbodydescription>
        <location file="C:/work/libftdi/libftdi1-1.5/src/ftdi.h" line="314" column="19" bodyfile="C:/work/libftdi/libftdi1-1.5/src/ftdi.h" bodystart="314" bodyend="-1"/>
        <referencedby refid="ftdi_8h_1a21e2ed53cad4fa8242022afe1e12d2ee" compoundref="ftdi_8c" startline="91" endline="125">ftdi_init</referencedby>
        <referencedby refid="ftdi_8h_1a83b41e900a1faf2ecc0546ce48ec7e70" compoundref="ftdi_8c" startline="2191" endline="2206">ftdi_set_bitmode</referencedby>
      </memberdef>
      <memberdef kind="variable" id="structftdi__context_1a0389f5e2d92fcba8d7ae5beffbf33a1b" prot="public" static="no" mutable="no">
        <type>struct <ref refid="structftdi__eeprom" kindref="compound">ftdi_eeprom</ref> *</type>
        <definition>struct ftdi_eeprom* ftdi_context::eeprom</definition>
        <argsstring></argsstring>
        <name>eeprom</name>
        <briefdescription>
        </briefdescription>
        <detaileddescription>
<para>Decoded eeprom structure </para>
        </detaileddescription>
        <inbodydescription>
        </inbodydescription>
        <location file="C:/work/libftdi/libftdi1-1.5/src/ftdi.h" line="317" column="22" bodyfile="C:/work/libftdi/libftdi1-1.5/src/ftdi.h" bodystart="317" bodyend="-1"/>
        <referencedby refid="ftdi_8h_1accf7f39923b4a9bbc626cca9f7ac40b1" compoundref="ftdi_8c" startline="2910" endline="3498">ftdi_eeprom_build</referencedby>
        <referencedby refid="ftdi_8h_1ac91c95ae42ec1ba885dc54f39709c072" compoundref="ftdi_8c" startline="3548" endline="3966">ftdi_eeprom_decode</referencedby>
        <referencedby refid="ftdi_8h_1aefc3d12f7421030c63ad77b9af1d4a83" compoundref="ftdi_8c" startline="2793" endline="2829">ftdi_eeprom_get_strings</referencedby>
        <referencedby refid="ftdi_8h_1a0b04717765deb6706482a3f3124c0b4a" compoundref="ftdi_8c" startline="2579" endline="2725">ftdi_eeprom_initdefaults</referencedby>
        <referencedby refid="ftdi_8h_1a64de7f0529572f56c9aa27d3e79ad7e6" compoundref="ftdi_8c" startline="2727" endline="2773">ftdi_eeprom_set_strings</referencedby>
        <referencedby refid="ftdi_8h_1a92a449af4a1becc70e80e49f3c937bbd" compoundref="ftdi_8c" startline="4367" endline="4382">ftdi_get_eeprom_buf</referencedby>
        <referencedby refid="ftdi_8h_1a6213209895e40153d103a72654d53b81" compoundref="ftdi_8c" startline="3978" endline="4157">ftdi_get_eeprom_value</referencedby>
        <referencedby refid="ftdi_8h_1a21e2ed53cad4fa8242022afe1e12d2ee" compoundref="ftdi_8c" startline="91" endline="125">ftdi_init</referencedby>
        <referencedby refid="ftdi_8h_1ac157786fdf2e9c6b51dd9b4ddbb34d5f" compoundref="ftdi_8c" startline="4461" endline="4491">ftdi_read_eeprom</referencedby>
        <referencedby refid="ftdi_8h_1aad29bea74f6ae02ed757d2a39c060969" compoundref="ftdi_8c" startline="4393" endline="4405">ftdi_set_eeprom_buf</referencedby>
        <referencedby refid="ftdi_8h_1a1af4ea94a0cbe4d4b6364675eee0b4ef" compoundref="ftdi_8c" startline="4416" endline="4424">ftdi_set_eeprom_user_data</referencedby>
        <referencedby refid="ftdi_8h_1a8e120f60f65859c1976c2dba99e9d002" compoundref="ftdi_8c" startline="4171" endline="4355">ftdi_set_eeprom_value</referencedby>
        <referencedby refid="ftdi_8h_1a8cc9811660d1adfb4b30157c5ab26d5a" compoundref="ftdi_8c" startline="4614" endline="4652">ftdi_write_eeprom</referencedby>
      </memberdef>
      <memberdef kind="variable" id="structftdi__context_1a8d4f5d3fcfa12718b2a0fca702ccec06" prot="public" static="no" mutable="no">
        <type>const char *</type>
        <definition>const char* ftdi_context::error_str</definition>
        <argsstring></argsstring>
        <name>error_str</name>
        <briefdescription>
        </briefdescription>
        <detaileddescription>
<para>String representation of last error </para>
        </detaileddescription>
        <inbodydescription>
        </inbodydescription>
        <location file="C:/work/libftdi/libftdi1-1.5/src/ftdi.h" line="320" column="16" bodyfile="C:/work/libftdi/libftdi1-1.5/src/ftdi.h" bodystart="320" bodyend="-1"/>
        <referencedby refid="ftdi_8h_1a59bd8b3e806348db5e96f582e0fe10b8" compoundref="ftdi_8c" startline="4731" endline="4737">ftdi_get_error_string</referencedby>
        <referencedby refid="ftdi_8h_1a21e2ed53cad4fa8242022afe1e12d2ee" compoundref="ftdi_8c" startline="91" endline="125">ftdi_init</referencedby>
      </memberdef>
      <memberdef kind="variable" id="structftdi__context_1a06072f2484298ae90fcffe450a133250" prot="public" static="no" mutable="no">
        <type>enum <ref refid="ftdi_8h_1adb5c9021fa85791df4a0b9dac671109a" kindref="member">ftdi_module_detach_mode</ref></type>
        <definition>enum ftdi_module_detach_mode ftdi_context::module_detach_mode</definition>
        <argsstring></argsstring>
        <name>module_detach_mode</name>
        <briefdescription>
        </briefdescription>
        <detaileddescription>
<para>Defines behavior in case a kernel module is already attached to the device </para>
        </detaileddescription>
        <inbodydescription>
        </inbodydescription>
        <location file="C:/work/libftdi/libftdi1-1.5/src/ftdi.h" line="320" column="16" bodyfile="C:/work/libftdi/libftdi1-1.5/src/ftdi.h" bodystart="323" bodyend="-1"/>
        <referencedby refid="ftdi_8h_1a21e2ed53cad4fa8242022afe1e12d2ee" compoundref="ftdi_8c" startline="91" endline="125">ftdi_init</referencedby>
        <referencedby refid="ftdi_8h_1a63e62ebae2c3d45d9bacd81e81a09081" compoundref="ftdi_8c" startline="589" endline="696">ftdi_usb_open_dev</referencedby>
      </memberdef>
      </sectiondef>
    <briefdescription>
<para>Main context structure for all libftdi functions. </para>
    </briefdescription>
    <detaileddescription>
<para>Do not access directly if possible. </para>
    </detaileddescription>
    <collaborationgraph>
      <node id="1">
        <label>ftdi_context</label>
        <link refid="structftdi__context"/>
        <childnode refid="2" relation="usage">
          <edgelabel>eeprom</edgelabel>
        </childnode>
      </node>
      <node id="2">
        <label>ftdi_eeprom</label>
        <link refid="structftdi__eeprom"/>
      </node>
    </collaborationgraph>
    <location file="C:/work/libftdi/libftdi1-1.5/src/ftdi.h" line="271" column="1" bodyfile="C:/work/libftdi/libftdi1-1.5/src/ftdi.h" bodystart="272" bodyend="324"/>
    <listofallmembers>
      <member refid="structftdi__context_1aa688eb2312af3a9fb6b56a8c59178e34" prot="public" virt="non-virtual"><scope>ftdi_context</scope><name>baudrate</name></member>
      <member refid="structftdi__context_1a164c17ee7bddaa0d76da8da7138f602f" prot="public" virt="non-virtual"><scope>ftdi_context</scope><name>bitbang_enabled</name></member>
      <member refid="structftdi__context_1a017557435f4377c2353d9d3b7fbcff01" prot="public" virt="non-virtual"><scope>ftdi_context</scope><name>bitbang_mode</name></member>
      <member refid="structftdi__context_1a0389f5e2d92fcba8d7ae5beffbf33a1b" prot="public" virt="non-virtual"><scope>ftdi_context</scope><name>eeprom</name></member>
      <member refid="structftdi__context_1a8d4f5d3fcfa12718b2a0fca702ccec06" prot="public" virt="non-virtual"><scope>ftdi_context</scope><name>error_str</name></member>
      <member refid="structftdi__context_1a9b6cfd3763a3ca80c76bc52c89dad968" prot="public" virt="non-virtual"><scope>ftdi_context</scope><name>in_ep</name></member>
      <member refid="structftdi__context_1aa38ced8c782ed6844895cd4d685def64" prot="public" virt="non-virtual"><scope>ftdi_context</scope><name>index</name></member>
      <member refid="structftdi__context_1ab67b17bd137b3b010544cdc3e6149aa7" prot="public" virt="non-virtual"><scope>ftdi_context</scope><name>interface</name></member>
      <member refid="structftdi__context_1a7ca2f7e68cd28e1c3079d029fd6129c0" prot="public" virt="non-virtual"><scope>ftdi_context</scope><name>max_packet_size</name></member>
      <member refid="structftdi__context_1a06072f2484298ae90fcffe450a133250" prot="public" virt="non-virtual"><scope>ftdi_context</scope><name>module_detach_mode</name></member>
      <member refid="structftdi__context_1a079427d8f2c09102bcadb9118e60c0ec" prot="public" virt="non-virtual"><scope>ftdi_context</scope><name>out_ep</name></member>
      <member refid="structftdi__context_1a891754b08145eee8669598ab28c985a4" prot="public" virt="non-virtual"><scope>ftdi_context</scope><name>readbuffer</name></member>
      <member refid="structftdi__context_1a8bd3ab7267621b4a8ec3f08ae18b1c00" prot="public" virt="non-virtual"><scope>ftdi_context</scope><name>readbuffer_chunksize</name></member>
      <member refid="structftdi__context_1aca6046c8ee0175acf84334afab5a3392" prot="public" virt="non-virtual"><scope>ftdi_context</scope><name>readbuffer_offset</name></member>
      <member refid="structftdi__context_1aad05935e91af93e8dbe36781217632bf" prot="public" virt="non-virtual"><scope>ftdi_context</scope><name>readbuffer_remaining</name></member>
      <member refid="structftdi__context_1a2e565f92e6a559d75cf4828ed46d0109" prot="public" virt="non-virtual"><scope>ftdi_context</scope><name>type</name></member>
      <member refid="structftdi__context_1a05bd064e6608ee91b641eff379455e9f" prot="public" virt="non-virtual"><scope>ftdi_context</scope><name>usb_ctx</name></member>
      <member refid="structftdi__context_1a1ea9e9fd3211a568779022befc0b3af8" prot="public" virt="non-virtual"><scope>ftdi_context</scope><name>usb_dev</name></member>
      <member refid="structftdi__context_1afa159483bb1153259ee7ceb3b45a2c9f" prot="public" virt="non-virtual"><scope>ftdi_context</scope><name>usb_read_timeout</name></member>
      <member refid="structftdi__context_1ae98125557fc25c90953053a9992767cb" prot="public" virt="non-virtual"><scope>ftdi_context</scope><name>usb_write_timeout</name></member>
      <member refid="structftdi__context_1a127d66a8b7602bd767fb01ce90e2a6be" prot="public" virt="non-virtual"><scope>ftdi_context</scope><name>writebuffer_chunksize</name></member>
    </listofallmembers>
  </compounddef>
</doxygen>
