<?xml version='1.0' encoding='UTF-8' standalone='no'?>
<doxygen xmlns:xsi="http://www.w3.org/2001/XMLSchema-instance" xsi:noNamespaceSchemaLocation="compound.xsd" version="1.8.18">
  <compounddef id="structftdi__transfer__control" kind="struct" language="C++" prot="public">
    <compoundname>ftdi_transfer_control</compoundname>
    <includes refid="ftdi_8h" local="no">ftdi.h</includes>
      <sectiondef kind="public-attrib">
      <memberdef kind="variable" id="structftdi__transfer__control_1af904524e85aed9f5f04e386c3cee3724" prot="public" static="no" mutable="no">
        <type>int</type>
        <definition>int ftdi_transfer_control::completed</definition>
        <argsstring></argsstring>
        <name>completed</name>
        <briefdescription>
        </briefdescription>
        <detaileddescription>
        </detaileddescription>
        <inbodydescription>
        </inbodydescription>
        <location file="C:/work/libftdi/libftdi1-1.5/src/ftdi.h" line="258" column="9" bodyfile="C:/work/libftdi/libftdi1-1.5/src/ftdi.h" bodystart="258" bodyend="-1"/>
        <referencedby refid="ftdi_8h_1ab4dd69a3332c544dfdcbf4da85bd8801" compoundref="ftdi_8c" startline="1805" endline="1871">ftdi_read_data_submit</referencedby>
        <referencedby refid="ftdi_8h_1accb36ed9571b5a1955479d50b2e1d91e" compoundref="ftdi_8c" startline="1931" endline="1953">ftdi_transfer_data_cancel</referencedby>
        <referencedby refid="ftdi_8h_1af580b6263d15746d1f5d3759f9c3ac02" compoundref="ftdi_8c" startline="1884" endline="1920">ftdi_transfer_data_done</referencedby>
        <referencedby refid="ftdi_8h_1a90c2133a195fc7ebf229205c2755fc67" compoundref="ftdi_8c" startline="1743" endline="1789">ftdi_write_data_submit</referencedby>
      </memberdef>
      <memberdef kind="variable" id="structftdi__transfer__control_1a2667c871dacd0a472f778e4d08c5dfe5" prot="public" static="no" mutable="no">
        <type>unsigned char *</type>
        <definition>unsigned char* ftdi_transfer_control::buf</definition>
        <argsstring></argsstring>
        <name>buf</name>
        <briefdescription>
        </briefdescription>
        <detaileddescription>
        </detaileddescription>
        <inbodydescription>
        </inbodydescription>
        <location file="C:/work/libftdi/libftdi1-1.5/src/ftdi.h" line="259" column="19" bodyfile="C:/work/libftdi/libftdi1-1.5/src/ftdi.h" bodystart="259" bodyend="-1"/>
        <referencedby refid="ftdi_8h_1ab4dd69a3332c544dfdcbf4da85bd8801" compoundref="ftdi_8c" startline="1805" endline="1871">ftdi_read_data_submit</referencedby>
        <referencedby refid="ftdi_8h_1a90c2133a195fc7ebf229205c2755fc67" compoundref="ftdi_8c" startline="1743" endline="1789">ftdi_write_data_submit</referencedby>
      </memberdef>
      <memberdef kind="variable" id="structftdi__transfer__control_1a019bd69018bb3c15dd75b258e6928af2" prot="public" static="no" mutable="no">
        <type>int</type>
        <definition>int ftdi_transfer_control::size</definition>
        <argsstring></argsstring>
        <name>size</name>
        <briefdescription>
        </briefdescription>
        <detaileddescription>
        </detaileddescription>
        <inbodydescription>
        </inbodydescription>
        <location file="C:/work/libftdi/libftdi1-1.5/src/ftdi.h" line="260" column="9" bodyfile="C:/work/libftdi/libftdi1-1.5/src/ftdi.h" bodystart="260" bodyend="-1"/>
        <referencedby refid="ftdi_8h_1ab4dd69a3332c544dfdcbf4da85bd8801" compoundref="ftdi_8c" startline="1805" endline="1871">ftdi_read_data_submit</referencedby>
        <referencedby refid="ftdi_8h_1a90c2133a195fc7ebf229205c2755fc67" compoundref="ftdi_8c" startline="1743" endline="1789">ftdi_write_data_submit</referencedby>
      </memberdef>
      <memberdef kind="variable" id="structftdi__transfer__control_1a26a718dd0866c73947f173886d462a8a" prot="public" static="no" mutable="no">
        <type>int</type>
        <definition>int ftdi_transfer_control::offset</definition>
        <argsstring></argsstring>
        <name>offset</name>
        <briefdescription>
        </briefdescription>
        <detaileddescription>
        </detaileddescription>
        <inbodydescription>
        </inbodydescription>
        <location file="C:/work/libftdi/libftdi1-1.5/src/ftdi.h" line="261" column="9" bodyfile="C:/work/libftdi/libftdi1-1.5/src/ftdi.h" bodystart="261" bodyend="-1"/>
        <referencedby refid="ftdi_8h_1ab4dd69a3332c544dfdcbf4da85bd8801" compoundref="ftdi_8c" startline="1805" endline="1871">ftdi_read_data_submit</referencedby>
        <referencedby refid="ftdi_8h_1af580b6263d15746d1f5d3759f9c3ac02" compoundref="ftdi_8c" startline="1884" endline="1920">ftdi_transfer_data_done</referencedby>
        <referencedby refid="ftdi_8h_1a90c2133a195fc7ebf229205c2755fc67" compoundref="ftdi_8c" startline="1743" endline="1789">ftdi_write_data_submit</referencedby>
      </memberdef>
      <memberdef kind="variable" id="structftdi__transfer__control_1a2df8400982dc8214f00852dec0f5f4a0" prot="public" static="no" mutable="no">
        <type>struct <ref refid="structftdi__context" kindref="compound">ftdi_context</ref> *</type>
        <definition>struct ftdi_context* ftdi_transfer_control::ftdi</definition>
        <argsstring></argsstring>
        <name>ftdi</name>
        <briefdescription>
        </briefdescription>
        <detaileddescription>
        </detaileddescription>
        <inbodydescription>
        </inbodydescription>
        <location file="C:/work/libftdi/libftdi1-1.5/src/ftdi.h" line="262" column="23" bodyfile="C:/work/libftdi/libftdi1-1.5/src/ftdi.h" bodystart="262" bodyend="-1"/>
        <referencedby refid="ftdi_8h_1ab4dd69a3332c544dfdcbf4da85bd8801" compoundref="ftdi_8c" startline="1805" endline="1871">ftdi_read_data_submit</referencedby>
        <referencedby refid="ftdi_8h_1accb36ed9571b5a1955479d50b2e1d91e" compoundref="ftdi_8c" startline="1931" endline="1953">ftdi_transfer_data_cancel</referencedby>
        <referencedby refid="ftdi_8h_1af580b6263d15746d1f5d3759f9c3ac02" compoundref="ftdi_8c" startline="1884" endline="1920">ftdi_transfer_data_done</referencedby>
        <referencedby refid="ftdi_8h_1a90c2133a195fc7ebf229205c2755fc67" compoundref="ftdi_8c" startline="1743" endline="1789">ftdi_write_data_submit</referencedby>
      </memberdef>
      <memberdef kind="variable" id="structftdi__transfer__control_1a1619679c2e823f10b12f5b63e49c0b7c" prot="public" static="no" mutable="no">
        <type>struct libusb_transfer *</type>
        <definition>struct libusb_transfer* ftdi_transfer_control::transfer</definition>
        <argsstring></argsstring>
        <name>transfer</name>
        <briefdescription>
        </briefdescription>
        <detaileddescription>
        </detaileddescription>
        <inbodydescription>
        </inbodydescription>
        <location file="C:/work/libftdi/libftdi1-1.5/src/ftdi.h" line="263" column="26" bodyfile="C:/work/libftdi/libftdi1-1.5/src/ftdi.h" bodystart="263" bodyend="-1"/>
        <referencedby refid="ftdi_8h_1ab4dd69a3332c544dfdcbf4da85bd8801" compoundref="ftdi_8c" startline="1805" endline="1871">ftdi_read_data_submit</referencedby>
        <referencedby refid="ftdi_8h_1accb36ed9571b5a1955479d50b2e1d91e" compoundref="ftdi_8c" startline="1931" endline="1953">ftdi_transfer_data_cancel</referencedby>
        <referencedby refid="ftdi_8h_1af580b6263d15746d1f5d3759f9c3ac02" compoundref="ftdi_8c" startline="1884" endline="1920">ftdi_transfer_data_done</referencedby>
        <referencedby refid="ftdi_8h_1a90c2133a195fc7ebf229205c2755fc67" compoundref="ftdi_8c" startline="1743" endline="1789">ftdi_write_data_submit</referencedby>
      </memberdef>
      </sectiondef>
    <briefdescription>
    </briefdescription>
    <detaileddescription>
    </detaileddescription>
    <collaborationgraph>
      <node id="1">
        <label>ftdi_transfer_control</label>
        <link refid="structftdi__transfer__control"/>
        <childnode refid="2" relation="usage">
          <edgelabel>ftdi</edgelabel>
        </childnode>
      </node>
      <node id="2">
        <label>ftdi_context</label>
        <link refid="structftdi__context"/>
        <childnode refid="3" relation="usage">
          <edgelabel>eeprom</edgelabel>
        </childnode>
      </node>
      <node id="3">
        <label>ftdi_eeprom</label>
        <link refid="structftdi__eeprom"/>
      </node>
    </collaborationgraph>
    <location file="C:/work/libftdi/libftdi1-1.5/src/ftdi.h" line="256" column="1" bodyfile="C:/work/libftdi/libftdi1-1.5/src/ftdi.h" bodystart="257" bodyend="264"/>
    <listofallmembers>
      <member refid="structftdi__transfer__control_1a2667c871dacd0a472f778e4d08c5dfe5" prot="public" virt="non-virtual"><scope>ftdi_transfer_control</scope><name>buf</name></member>
      <member refid="structftdi__transfer__control_1af904524e85aed9f5f04e386c3cee3724" prot="public" virt="non-virtual"><scope>ftdi_transfer_control</scope><name>completed</name></member>
      <member refid="structftdi__transfer__control_1a2df8400982dc8214f00852dec0f5f4a0" prot="public" virt="non-virtual"><scope>ftdi_transfer_control</scope><name>ftdi</name></member>
      <member refid="structftdi__transfer__control_1a26a718dd0866c73947f173886d462a8a" prot="public" virt="non-virtual"><scope>ftdi_transfer_control</scope><name>offset</name></member>
      <member refid="structftdi__transfer__control_1a019bd69018bb3c15dd75b258e6928af2" prot="public" virt="non-virtual"><scope>ftdi_transfer_control</scope><name>size</name></member>
      <member refid="structftdi__transfer__control_1a1619679c2e823f10b12f5b63e49c0b7c" prot="public" virt="non-virtual"><scope>ftdi_transfer_control</scope><name>transfer</name></member>
    </listofallmembers>
  </compounddef>
</doxygen>
