<?xml version='1.0' encoding='UTF-8' standalone='no'?>
<doxygen xmlns:xsi="http://www.w3.org/2001/XMLSchema-instance" xsi:noNamespaceSchemaLocation="compound.xsd" version="1.8.18">
  <compounddef id="structsize__and__time" kind="struct" language="C++" prot="public">
    <compoundname>size_and_time</compoundname>
    <includes refid="ftdi_8h" local="no">ftdi.h</includes>
      <sectiondef kind="public-attrib">
      <memberdef kind="variable" id="structsize__and__time_1aabc8d7998efabbe4b2807fe47c3320cf" prot="public" static="no" mutable="no">
        <type>uint64_t</type>
        <definition>uint64_t size_and_time::totalBytes</definition>
        <argsstring></argsstring>
        <name>totalBytes</name>
        <briefdescription>
        </briefdescription>
        <detaileddescription>
        </detaileddescription>
        <inbodydescription>
        </inbodydescription>
        <location file="C:/work/libftdi/libftdi1-1.5/src/ftdi.h" line="480" column="14" bodyfile="C:/work/libftdi/libftdi1-1.5/src/ftdi.h" bodystart="480" bodyend="-1"/>
      </memberdef>
      <memberdef kind="variable" id="structsize__and__time_1abbce72027653d30f547cdb00a18cb57c" prot="public" static="no" mutable="no">
        <type>struct timeval</type>
        <definition>struct timeval size_and_time::time</definition>
        <argsstring></argsstring>
        <name>time</name>
        <briefdescription>
        </briefdescription>
        <detaileddescription>
        </detaileddescription>
        <inbodydescription>
        </inbodydescription>
        <location file="C:/work/libftdi/libftdi1-1.5/src/ftdi.h" line="480" column="14" bodyfile="C:/work/libftdi/libftdi1-1.5/src/ftdi.h" bodystart="481" bodyend="-1"/>
      </memberdef>
      </sectiondef>
    <briefdescription>
<para>Progress Info for streaming read. </para>
    </briefdescription>
    <detaileddescription>
    </detaileddescription>
    <location file="C:/work/libftdi/libftdi1-1.5/src/ftdi.h" line="478" column="1" bodyfile="C:/work/libftdi/libftdi1-1.5/src/ftdi.h" bodystart="479" bodyend="482"/>
    <listofallmembers>
      <member refid="structsize__and__time_1abbce72027653d30f547cdb00a18cb57c" prot="public" virt="non-virtual"><scope>size_and_time</scope><name>time</name></member>
      <member refid="structsize__and__time_1aabc8d7998efabbe4b2807fe47c3320cf" prot="public" virt="non-virtual"><scope>size_and_time</scope><name>totalBytes</name></member>
    </listofallmembers>
  </compounddef>
</doxygen>
