<?xml version='1.0' encoding='UTF-8' standalone='no'?>
<doxygen xmlns:xsi="http://www.w3.org/2001/XMLSchema-instance" xsi:noNamespaceSchemaLocation="compound.xsd" version="1.8.18">
  <compounddef id="structFTDIStreamState" kind="struct" language="C++" prot="public">
    <compoundname>FTDIStreamState</compoundname>
      <sectiondef kind="public-attrib">
      <memberdef kind="variable" id="structFTDIStreamState_1ad7deafbf03aa81c36dfd1fe72e1be26a" prot="public" static="no" mutable="no">
        <type><ref refid="ftdi_8h_1a8d8469de6b43d15f3824d73dd62a8a06" kindref="member">FTDIStreamCallback</ref> *</type>
        <definition>FTDIStreamCallback* FTDIStreamState::callback</definition>
        <argsstring></argsstring>
        <name>callback</name>
        <briefdescription>
        </briefdescription>
        <detaileddescription>
        </detaileddescription>
        <inbodydescription>
        </inbodydescription>
        <location file="C:/work/libftdi/libftdi1-1.5/src/ftdi_stream.c" line="66" column="24" bodyfile="C:/work/libftdi/libftdi1-1.5/src/ftdi_stream.c" bodystart="66" bodyend="-1"/>
      </memberdef>
      <memberdef kind="variable" id="structFTDIStreamState_1aed6ab260ee8a0882d5ac8c94e4f2192b" prot="public" static="no" mutable="no">
        <type>void *</type>
        <definition>void* FTDIStreamState::userdata</definition>
        <argsstring></argsstring>
        <name>userdata</name>
        <briefdescription>
        </briefdescription>
        <detaileddescription>
        </detaileddescription>
        <inbodydescription>
        </inbodydescription>
        <location file="C:/work/libftdi/libftdi1-1.5/src/ftdi_stream.c" line="67" column="10" bodyfile="C:/work/libftdi/libftdi1-1.5/src/ftdi_stream.c" bodystart="67" bodyend="-1"/>
      </memberdef>
      <memberdef kind="variable" id="structFTDIStreamState_1aa8a00a2459dbb9bfa6947ce5b824b610" prot="public" static="no" mutable="no">
        <type>int</type>
        <definition>int FTDIStreamState::packetsize</definition>
        <argsstring></argsstring>
        <name>packetsize</name>
        <briefdescription>
        </briefdescription>
        <detaileddescription>
        </detaileddescription>
        <inbodydescription>
        </inbodydescription>
        <location file="C:/work/libftdi/libftdi1-1.5/src/ftdi_stream.c" line="68" column="9" bodyfile="C:/work/libftdi/libftdi1-1.5/src/ftdi_stream.c" bodystart="68" bodyend="-1"/>
      </memberdef>
      <memberdef kind="variable" id="structFTDIStreamState_1af3e8d999a90427f8118de502bf09e9ef" prot="public" static="no" mutable="no">
        <type>int</type>
        <definition>int FTDIStreamState::activity</definition>
        <argsstring></argsstring>
        <name>activity</name>
        <briefdescription>
        </briefdescription>
        <detaileddescription>
        </detaileddescription>
        <inbodydescription>
        </inbodydescription>
        <location file="C:/work/libftdi/libftdi1-1.5/src/ftdi_stream.c" line="69" column="9" bodyfile="C:/work/libftdi/libftdi1-1.5/src/ftdi_stream.c" bodystart="69" bodyend="-1"/>
      </memberdef>
      <memberdef kind="variable" id="structFTDIStreamState_1af28e11102a214cbd87760577a7c2668d" prot="public" static="no" mutable="no">
        <type>int</type>
        <definition>int FTDIStreamState::result</definition>
        <argsstring></argsstring>
        <name>result</name>
        <briefdescription>
        </briefdescription>
        <detaileddescription>
        </detaileddescription>
        <inbodydescription>
        </inbodydescription>
        <location file="C:/work/libftdi/libftdi1-1.5/src/ftdi_stream.c" line="70" column="9" bodyfile="C:/work/libftdi/libftdi1-1.5/src/ftdi_stream.c" bodystart="70" bodyend="-1"/>
      </memberdef>
      <memberdef kind="variable" id="structFTDIStreamState_1af171d0f207896b44eafda991654d1f81" prot="public" static="no" mutable="no">
        <type><ref refid="structFTDIProgressInfo" kindref="compound">FTDIProgressInfo</ref></type>
        <definition>FTDIProgressInfo FTDIStreamState::progress</definition>
        <argsstring></argsstring>
        <name>progress</name>
        <briefdescription>
        </briefdescription>
        <detaileddescription>
        </detaileddescription>
        <inbodydescription>
        </inbodydescription>
        <location file="C:/work/libftdi/libftdi1-1.5/src/ftdi_stream.c" line="71" column="22" bodyfile="C:/work/libftdi/libftdi1-1.5/src/ftdi_stream.c" bodystart="71" bodyend="-1"/>
      </memberdef>
      </sectiondef>
    <briefdescription>
    </briefdescription>
    <detaileddescription>
    </detaileddescription>
    <collaborationgraph>
      <node id="2">
        <label>FTDIProgressInfo</label>
        <link refid="structFTDIProgressInfo"/>
        <childnode refid="3" relation="usage">
          <edgelabel>prev</edgelabel>
          <edgelabel>first</edgelabel>
          <edgelabel>current</edgelabel>
        </childnode>
      </node>
      <node id="3">
        <label>size_and_time</label>
        <link refid="structsize__and__time"/>
      </node>
      <node id="1">
        <label>FTDIStreamState</label>
        <link refid="structFTDIStreamState"/>
        <childnode refid="2" relation="usage">
          <edgelabel>progress</edgelabel>
        </childnode>
      </node>
    </collaborationgraph>
    <location file="C:/work/libftdi/libftdi1-1.5/src/ftdi_stream.c" line="52" column="1" bodyfile="C:/work/libftdi/libftdi1-1.5/src/ftdi_stream.c" bodystart="53" bodyend="60"/>
    <listofallmembers>
      <member refid="structFTDIStreamState_1af3e8d999a90427f8118de502bf09e9ef" prot="public" virt="non-virtual"><scope>FTDIStreamState</scope><name>activity</name></member>
      <member refid="structFTDIStreamState_1ad7deafbf03aa81c36dfd1fe72e1be26a" prot="public" virt="non-virtual"><scope>FTDIStreamState</scope><name>callback</name></member>
      <member refid="structFTDIStreamState_1aa8a00a2459dbb9bfa6947ce5b824b610" prot="public" virt="non-virtual"><scope>FTDIStreamState</scope><name>packetsize</name></member>
      <member refid="structFTDIStreamState_1af171d0f207896b44eafda991654d1f81" prot="public" virt="non-virtual"><scope>FTDIStreamState</scope><name>progress</name></member>
      <member refid="structFTDIStreamState_1af28e11102a214cbd87760577a7c2668d" prot="public" virt="non-virtual"><scope>FTDIStreamState</scope><name>result</name></member>
      <member refid="structFTDIStreamState_1aed6ab260ee8a0882d5ac8c94e4f2192b" prot="public" virt="non-virtual"><scope>FTDIStreamState</scope><name>userdata</name></member>
    </listofallmembers>
  </compounddef>
</doxygen>
